eve_id,id,max_off,mean_prob,dzmax,dzmin,max,lon,lat,Location,LocationCount,max_absdz,event_type,importance,uniform_wt,gridcount,grid_id
E01964N3926E02184N3685-BS-M707_E02022N3782_D010_S157D50R090_A001194_S013,BS_manning003/E01964N3926E02184N3685-BS-M707_E02022N3782_D010_S157D50R090_A001194_S013,0.1,2.54995387465739e-07,0.001,0.001,0.792,20.221,37.8271,37822022,34.0,0.001,1.0,2.5499538746573902e-08,1.8674136321195144e-05,85.0,"37.697,20.082"
E01964N3926E02184N3685-BS-M732_E02016N3760_D010_S157D70R090_A002108_S017,BS_manning003/E01964N3926E02184N3685-BS-M732_E02016N3760_D010_S157D70R090_A002108_S017,0.2,1.4887807324158991e-08,0.001,0.001,1.41,20.1689,37.6022,37602016,22.0,0.001,1.0,2.9775614648317986e-09,1.8674136321195144e-05,142.0,"37.367,20.082"
E01964N3926E02184N3685-BS-M754_E02073N3760_D010_S157D90R270_A003524_S022,BS_manning003/E01964N3926E02184N3685-BS-M754_E02073N3760_D010_S157D90R270_A003524_S022,0.3,6.618398570540548e-09,0.001,0.001,1.399,20.7364,37.6022,37602073,16.0,0.001,1.0,1.9855195711621643e-09,1.8674136321195144e-05,222.0,"37.367,20.412"
E02020N3739E02658N3366-BS-M707_E02160N3535_D010_S022D50R270_A001194_S013,BS_manning003/E02020N3739E02658N3366-BS-M707_E02160N3535_D010_S022D50R270_A001194_S013,0.18,1.9132315184833948e-08,0.001,0.001,0.88,21.6075,35.3539,35352160,2.0,0.001,1.0,3.4438167332701104e-09,1.8674136321195144e-05,260.0,"35.057,21.402"
E01964N3926E02184N3685-BS-M707_E02040N3737_D010_S157D70R090_A001194_S013,BS_manning003/E01964N3926E02184N3685-BS-M707_E02040N3737_D010_S157D70R090_A001194_S013,0.08,1.4896773415838053e-07,0.001,0.001,0.603,20.4002,37.3774,37372040,20.0,0.001,1.0,1.1917418732670443e-08,1.8674136321195144e-05,142.0,"37.367,20.082"
E02020N3739E02658N3366-BS-M754_E02221N3557_D010_S022D50R090_A003524_S022,BS_manning003/E02020N3739E02658N3366-BS-M754_E02221N3557_D010_S022D50R090_A003524_S022,0.74,8.448302956827365e-10,0.001,0.001,2.602,22.2124,35.5788,35572221,3.0,0.001,1.0,6.25174418805225e-10,1.8674136321195144e-05,406.0,"35.387,22.062"
E02020N3739E02658N3366-BS-M732_E02226N3580_D010_S022D50R270_A002108_S017,BS_manning003/E02020N3739E02658N3366-BS-M732_E02226N3580_D010_S022D50R270_A002108_S017,0.26,5.373354555604584e-09,0.001,0.001,1.086,22.2667,35.8036,35802226,5.0,0.001,1.0,1.3970721844571918e-09,1.8674136321195144e-05,373.0,"35.717,22.062"
E01964N3926E02184N3685-BS-M732_E02045N3760_D010_S337D70R090_A002108_S017,BS_manning003/E01964N3926E02184N3685-BS-M732_E02045N3760_D010_S337D70R090_A002108_S017,0.28,3.038146947922229e-09,0.001,0.001,1.469,20.4527,37.6022,37602045,34.0,0.001,1.0,8.506811454182242e-10,1.8674136321195144e-05,222.0,"37.367,20.412"
E01964N3926E02184N3685-BS-M754_E02016N3760_D010_S337D50R090_A003524_S022,BS_manning003/E01964N3926E02184N3685-BS-M754_E02016N3760_D010_S337D50R090_A003524_S022,0.51,3.101779397017977e-09,-0.001,-0.001,2.171,20.1689,37.6022,37602016,22.0,0.001,1.0,1.5819074924791682e-09,1.8674136321195144e-05,142.0,"37.367,20.082"
E02020N3739E02658N3366-BS-M707_E02148N3602_D010_S202D50R270_A001194_S013,BS_manning003/E02020N3739E02658N3366-BS-M707_E02148N3602_D010_S202D50R270_A001194_S013,0.22,1.8651899616852033e-08,0.001,0.001,1.044,21.4875,36.0284,36022148,8.0,0.001,1.0,4.103417915707447e-09,1.8674136321195144e-05,416.0,"35.717,21.402"
E01964N3926E02184N3685-BS-M707_E02022N3782_D010_S157D90R270_A001194_S013,BS_manning003/E01964N3926E02184N3685-BS-M707_E02022N3782_D010_S157D90R270_A001194_S013,0.2,7.080364273331924e-08,0.001,0.001,0.961,20.221,37.8271,37822022,34.0,0.001,1.0,1.4160728546663849e-08,1.8674136321195144e-05,85.0,"37.697,20.082"
E01964N3926E02184N3685-BS-M732_E02068N3737_D010_S337D50R090_A002108_S017,BS_manning003/E01964N3926E02184N3685-BS-M732_E02068N3737_D010_S337D50R090_A002108_S017,0.15,1.7246452557919426e-08,0.001,0.001,0.849,20.6831,37.3774,37372068,7.0,0.001,1.0,2.586967883687914e-09,1.8674136321195144e-05,222.0,"37.367,20.412"
E02020N3739E02658N3366-BS-M707_E02287N3490_D010_S022D50R270_A001194_S013,BS_manning003/E02020N3739E02658N3366-BS-M707_E02287N3490_D010_S022D50R270_A001194_S013,0.17,6.023075579290384e-08,0.001,0.001,0.603,22.8757,34.9043,34902287,3.0,0.001,1.0,1.0239228484793654e-08,1.8674136321195144e-05,574.0,"34.727,22.722"
E01964N3926E02184N3685-BS-M754_E02016N3760_D010_S157D50R090_A003524_S022,BS_manning003/E01964N3926E02184N3685-BS-M754_E02016N3760_D010_S157D50R090_A003524_S022,0.35,5.653742755430991e-09,-0.001,-0.001,2.219,20.1689,37.6022,37602016,22.0,0.001,1.0,1.978809964400847e-09,1.8674136321195144e-05,142.0,"37.367,20.082"
E01964N3926E02184N3685-BS-M680_E02022N3782_D010_S337D30R090_A000638_S009,BS_manning003/E01964N3926E02184N3685-BS-M680_E02022N3782_D010_S337D30R090_A000638_S009,0.05,6.912362692411593e-06,0.001,0.001,0.377,20.221,37.8271,37822022,34.0,0.001,1.0,3.4561813462057964e-07,1.8674136321195144e-05,85.0,"37.697,20.082"
E01964N3926E02184N3685-BS-M732_E02022N3782_D010_S157D50R090_A002108_S017,BS_manning003/E01964N3926E02184N3685-BS-M732_E02022N3782_D010_S157D50R090_A002108_S017,0.18,3.1449064104318354e-08,0.001,0.001,1.242,20.221,37.8271,37822022,34.0,0.001,1.0,5.660831538777303e-09,1.8674136321195144e-05,85.0,"37.697,20.082"
E02020N3739E02658N3366-BS-M754_E02171N3580_D010_S022D50R090_A003524_S022,BS_manning003/E02020N3739E02658N3366-BS-M754_E02171N3580_D010_S022D50R090_A003524_S022,0.74,1.412921961170147e-09,0.001,0.001,2.87,21.7122,35.8036,35802171,10.0,0.001,1.0,1.0455622512659089e-09,1.8674136321195144e-05,416.0,"35.717,21.402"
E02020N3739E02658N3366-BS-M707_E02215N3647_D010_S157D50R270_A001194_S013,BS_manning003/E02020N3739E02658N3366-BS-M707_E02215N3647_D010_S157D50R270_A001194_S013,0.07,1.0905320695804e-06,0.001,0.001,0.317,22.1534,36.4781,36472215,3.0,0.001,1.0,7.6337244870628e-08,1.8674136321195144e-05,225.0,"36.377,22.062"
E01964N3926E02184N3685-BS-M732_E02016N3760_D010_S157D50R090_A002108_S017,BS_manning003/E01964N3926E02184N3685-BS-M732_E02016N3760_D010_S157D50R090_A002108_S017,0.2,1.9949384318226525e-08,0.001,0.001,1.428,20.1689,37.6022,37602016,22.0,0.001,1.0,3.9898768636453055e-09,1.8674136321195144e-05,142.0,"37.367,20.082"
E01964N3926E02184N3685-BS-M754_E02073N3760_D010_S292D30R090_A003524_S022,BS_manning003/E01964N3926E02184N3685-BS-M754_E02073N3760_D010_S292D30R090_A003524_S022,0.12,5.785130873055998e-07,0.001,0.001,0.889,20.7364,37.6022,37602073,16.0,0.001,1.0,6.942157047667197e-08,1.8674136321195144e-05,222.0,"37.367,20.412"
E02020N3739E02658N3366-BS-M707_E02176N3602_D010_S022D50R090_A001194_S013,BS_manning003/E02020N3739E02658N3366-BS-M707_E02176N3602_D010_S022D50R090_A001194_S013,0.15,2.6789995632856523e-08,0.001,0.001,1.076,21.7655,36.0284,36022176,9.0,0.001,1.0,4.018499344928478e-09,1.8674136321195144e-05,412.0,"35.717,21.732"
E01964N3926E02184N3685-BS-M754_E02022N3782_D010_S337D50R270_A003524_S022,BS_manning003/E01964N3926E02184N3685-BS-M754_E02022N3782_D010_S337D50R270_A003524_S022,0.41,3.041194549982934e-09,0.001,0.001,1.748,20.221,37.8271,37822022,34.0,0.001,1.0,1.2468897654930029e-09,1.8674136321195144e-05,85.0,"37.697,20.082"
E01964N3926E02184N3685-BS-M707_E02016N3760_D094_S337D30R090_A001194_S013,BS_manning003/E01964N3926E02184N3685-BS-M707_E02016N3760_D094_S337D30R090_A001194_S013,0.1,1.7762119893624265e-07,0.001,0.001,0.67,20.1689,37.6022,37602016,22.0,0.001,1.0,1.7762119893624265e-08,1.8674136321195144e-05,142.0,"37.367,20.082"
E01964N3926E02184N3685-BS-M707_E02045N3760_D010_S157D50R270_A001194_S013,BS_manning003/E01964N3926E02184N3685-BS-M707_E02045N3760_D010_S157D50R270_A001194_S013,0.16,9.173499830253373e-08,0.001,0.001,0.663,20.4527,37.6022,37602045,34.0,0.001,1.0,1.4677599728405396e-08,1.8674136321195144e-05,222.0,"37.367,20.412"
E01964N3926E02184N3685-BS-M707_E02016N3760_D010_S157D90R270_A001194_S013,BS_manning003/E01964N3926E02184N3685-BS-M707_E02016N3760_D010_S157D90R270_A001194_S013,0.17,4.433816854443536e-08,0.001,0.001,0.93,20.1689,37.6022,37602016,22.0,0.001,1.0,7.537488652554012e-09,1.8674136321195144e-05,142.0,"37.367,20.082"
E02020N3739E02658N3366-BS-M754_E02154N3625_D010_S022D50R090_A003524_S022,BS_manning003/E02020N3739E02658N3366-BS-M754_E02154N3625_D010_S022D50R090_A003524_S022,0.56,1.397969096369899e-09,0.001,0.001,2.433,21.5405,36.2533,36252154,8.0,0.001,1.0,7.828626939671435e-10,1.8674136321195144e-05,372.0,"36.047,21.402"
E01964N3926E02184N3685-BS-M732_E02040N3737_D010_S292D30R090_A002108_S017,BS_manning003/E01964N3926E02184N3685-BS-M732_E02040N3737_D010_S292D30R090_A002108_S017,0.08,4.504439342197429e-07,0.001,0.001,0.533,20.4002,37.3774,37372040,20.0,0.001,1.0,3.603551473757943e-08,1.8674136321195144e-05,142.0,"37.367,20.082"
E01964N3926E02184N3685-BS-M707_E02050N3782_D010_S157D50R090_A001194_S013,BS_manning003/E01964N3926E02184N3685-BS-M707_E02050N3782_D010_S157D50R090_A001194_S013,0.08,3.334339661221167e-07,0.001,0.001,0.676,20.5057,37.8271,37822050,19.0,0.001,1.0,2.6674717289769337e-08,1.8674136321195144e-05,67.0,"37.697,20.412"
E01964N3926E02184N3685-BS-M707_E02016N3760_D094_S337D50R090_A001194_S013,BS_manning003/E01964N3926E02184N3685-BS-M707_E02016N3760_D094_S337D50R090_A001194_S013,0.1,8.767831461435433e-08,0.001,0.001,0.623,20.1689,37.6022,37602016,22.0,0.001,1.0,8.767831461435434e-09,1.8674136321195144e-05,142.0,"37.367,20.082"
E01964N3926E02184N3685-BS-M754_E02068N3737_D010_S337D30R090_A003524_S022,BS_manning003/E01964N3926E02184N3685-BS-M754_E02068N3737_D010_S337D30R090_A003524_S022,0.22,1.08428343746823e-08,0.001,0.001,1.239,20.6831,37.3774,37372068,7.0,0.001,1.0,2.385423562430106e-09,1.8674136321195144e-05,222.0,"37.367,20.412"
E02020N3739E02658N3366-BS-M754_E02176N3602_D010_S022D50R270_A003524_S022,BS_manning003/E02020N3739E02658N3366-BS-M754_E02176N3602_D010_S022D50R270_A003524_S022,0.43,2.4831799087650077e-09,0.001,0.001,1.751,21.7655,36.0284,36022176,9.0,0.001,1.0,1.0677673607689533e-09,1.8674136321195144e-05,412.0,"35.717,21.732"
E01964N3926E02184N3685-BS-M754_E02045N3760_D010_S337D50R270_A003524_S022,BS_manning003/E01964N3926E02184N3685-BS-M754_E02045N3760_D010_S337D50R270_A003524_S022,0.4,3.904440157778637e-09,0.001,0.001,1.567,20.4527,37.6022,37602045,34.0,0.001,1.0,1.561776063111455e-09,1.8674136321195144e-05,222.0,"37.367,20.412"
E01964N3926E02184N3685-BS-M754_E02016N3760_D010_S157D30R090_A003524_S022,BS_manning003/E01964N3926E02184N3685-BS-M754_E02016N3760_D010_S157D30R090_A003524_S022,0.35,1.7131444649971343e-09,0.001,-0.001,1.86,20.1689,37.6022,37602016,22.0,0.001,1.0,5.996005627489969e-10,1.8674136321195144e-05,142.0,"37.367,20.082"
E01964N3926E02184N3685-BS-M732_E02045N3760_D115_S337D50R090_A002108_S017,BS_manning003/E01964N3926E02184N3685-BS-M732_E02045N3760_D115_S337D50R090_A002108_S017,0.16,2.2595293801327002e-08,0.001,0.001,1.041,20.4527,37.6022,37602045,34.0,0.001,1.0,3.6152470082123204e-09,1.8674136321195144e-05,222.0,"37.367,20.412"
E02020N3739E02658N3366-BS-M732_E02271N3535_D010_S022D50R270_A002108_S017,BS_manning003/E02020N3739E02658N3366-BS-M732_E02271N3535_D010_S022D50R270_A002108_S017,0.24,7.643189568001221e-09,0.001,0.001,0.887,22.7101,35.3539,35352271,3.0,0.001,1.0,1.834365496320293e-09,1.8674136321195144e-05,367.0,"35.057,22.392"
E01964N3926E02184N3685-BS-M754_E02016N3760_D010_S157D70R090_A003524_S022,BS_manning003/E01964N3926E02184N3685-BS-M754_E02016N3760_D010_S157D70R090_A003524_S022,0.32,4.267053659719551e-09,0.001,0.001,2.143,20.1689,37.6022,37602016,22.0,0.001,1.0,1.3654571711102563e-09,1.8674136321195144e-05,142.0,"37.367,20.082"
E01964N3926E02184N3685-BS-M707_E02050N3782_D094_S337D30R090_A001194_S013,BS_manning003/E01964N3926E02184N3685-BS-M707_E02050N3782_D094_S337D30R090_A001194_S013,0.08,8.015142645442603e-06,0.001,0.001,0.533,20.5057,37.8271,37822050,19.0,0.001,1.0,6.412114116354082e-07,1.8674136321195144e-05,67.0,"37.697,20.412"
E02020N3739E02658N3366-BS-M732_E02148N3602_D010_S022D50R090_A002108_S017,BS_manning003/E02020N3739E02658N3366-BS-M732_E02148N3602_D010_S022D50R090_A002108_S017,0.42,2.908163912207841e-09,0.001,0.001,1.905,21.4875,36.0284,36022148,8.0,0.001,1.0,1.2214288431272932e-09,1.8674136321195144e-05,416.0,"35.717,21.402"
E01964N3926E02184N3685-BS-M732_E02022N3782_D010_S337D50R270_A002108_S017,BS_manning003/E01964N3926E02184N3685-BS-M732_E02022N3782_D010_S337D50R270_A002108_S017,0.25,1.0672383740483332e-08,0.001,0.001,1.144,20.221,37.8271,37822022,34.0,0.001,1.0,2.668095935120833e-09,1.8674136321195144e-05,85.0,"37.697,20.082"
E01964N3926E02184N3685-BS-M707_E02022N3782_D010_S337D70R090_A001194_S013,BS_manning003/E01964N3926E02184N3685-BS-M707_E02022N3782_D010_S337D70R090_A001194_S013,0.18,1.9359233677197157e-08,0.001,0.001,0.938,20.221,37.8271,37822022,34.0,0.001,1.0,3.484662061895488e-09,1.8674136321195144e-05,85.0,"37.697,20.082"
E01964N3926E02184N3685-BS-M754_E02040N3737_D010_S337D30R090_A003524_S022,BS_manning003/E01964N3926E02184N3685-BS-M754_E02040N3737_D010_S337D30R090_A003524_S022,0.31,4.7253698329037655e-08,0.001,0.001,1.289,20.4002,37.3774,37372040,20.0,0.001,1.0,1.4648646482001672e-08,1.8674136321195144e-05,142.0,"37.367,20.082"
E02020N3739E02658N3366-BS-M707_E02154N3625_D010_S202D50R270_A001194_S013,BS_manning003/E02020N3739E02658N3366-BS-M707_E02154N3625_D010_S202D50R270_A001194_S013,0.14,2.4964331167653063e-08,0.001,0.001,0.93,21.5405,36.2533,36252154,8.0,0.001,1.0,3.495006363471429e-09,1.8674136321195144e-05,372.0,"36.047,21.402"
E01964N3926E02184N3685-BS-M732_E02011N3737_D010_S157D50R270_A002108_S017,BS_manning003/E01964N3926E02184N3685-BS-M732_E02011N3737_D010_S157D50R270_A002108_S017,0.21,7.20230492098244e-09,0.001,0.001,1.004,20.1173,37.3774,37372011,12.0,0.001,1.0,1.5124840334063123e-09,1.8674136321195144e-05,142.0,"37.367,20.082"
E01964N3926E02184N3685-BS-M732_E02045N3760_D010_S337D30R090_A002108_S017,BS_manning003/E01964N3926E02184N3685-BS-M732_E02045N3760_D010_S337D30R090_A002108_S017,0.18,4.504792514842353e-08,0.001,0.001,1.178,20.4527,37.6022,37602045,34.0,0.001,1.0,8.108626526716235e-09,1.8674136321195144e-05,222.0,"37.367,20.412"
E02020N3739E02658N3366-BS-M754_E02143N3580_D010_S022D50R090_A003524_S022,BS_manning003/E02020N3739E02658N3366-BS-M754_E02143N3580_D010_S022D50R090_A003524_S022,0.75,8.852894635352757e-10,0.001,0.001,3.121,21.435,35.8036,35802143,7.0,0.001,1.0,6.639670976514567e-10,1.8674136321195144e-05,416.0,"35.717,21.402"
E01964N3926E02184N3685-BS-M707_E02022N3782_D010_S337D30R090_A001194_S013,BS_manning003/E01964N3926E02184N3685-BS-M707_E02022N3782_D010_S337D30R090_A001194_S013,0.11,2.645676097713701e-06,0.001,0.001,0.751,20.221,37.8271,37822022,34.0,0.001,1.0,2.910243707485071e-07,1.8674136321195144e-05,85.0,"37.697,20.082"
E01964N3926E02184N3685-BS-M707_E02073N3760_D094_S292D30R090_A001194_S013,BS_manning003/E01964N3926E02184N3685-BS-M707_E02073N3760_D094_S292D30R090_A001194_S013,0.05,1.615213781561802e-05,0.001,0.001,0.325,20.7364,37.6022,37602073,16.0,0.001,1.0,8.07606890780901e-07,1.8674136321195144e-05,222.0,"37.367,20.412"
E01964N3926E02184N3685-BS-M707_E02040N3737_D010_S337D30R090_A001194_S013,BS_manning003/E01964N3926E02184N3685-BS-M707_E02040N3737_D010_S337D30R090_A001194_S013,0.07,1.3131599323182717e-06,0.001,0.001,0.48,20.4002,37.3774,37372040,20.0,0.001,1.0,9.192119526227903e-08,1.8674136321195144e-05,142.0,"37.367,20.082"
E01964N3926E02184N3685-BS-M754_E02073N3760_D010_S337D50R270_A003524_S022,BS_manning003/E01964N3926E02184N3685-BS-M754_E02073N3760_D010_S337D50R270_A003524_S022,0.28,8.011834226534979e-09,0.001,0.001,1.586,20.7364,37.6022,37602073,16.0,0.001,1.0,2.2433135834297944e-09,1.8674136321195144e-05,222.0,"37.367,20.412"
E02020N3739E02658N3366-BS-M754_E02215N3647_D010_S157D50R270_A003524_S022,BS_manning003/E02020N3739E02658N3366-BS-M754_E02215N3647_D010_S157D50R270_A003524_S022,0.19,4.476560556288321e-08,0.001,0.001,0.892,22.1534,36.4781,36472215,3.0,0.001,1.0,8.50546505694781e-09,1.8674136321195144e-05,225.0,"36.377,22.062"
E01964N3926E02184N3685-BS-M707_E02045N3760_D010_S157D70R090_A001194_S013,BS_manning003/E01964N3926E02184N3685-BS-M707_E02045N3760_D010_S157D70R090_A001194_S013,0.11,2.256685614945404e-07,0.001,0.001,0.789,20.4527,37.6022,37602045,34.0,0.001,1.0,2.4823541764399444e-08,1.8674136321195144e-05,222.0,"37.367,20.412"
E01964N3926E02184N3685-BS-M732_E02016N3760_D010_S337D50R270_A002108_S017,BS_manning003/E01964N3926E02184N3685-BS-M732_E02016N3760_D010_S337D50R270_A002108_S017,0.22,6.74577885423905e-09,0.001,0.001,1.216,20.1689,37.6022,37602016,22.0,0.001,1.0,1.4840713479325911e-09,1.8674136321195144e-05,142.0,"37.367,20.082"
E02020N3739E02658N3366-BS-M732_E02176N3602_D010_S022D50R270_A002108_S017,BS_manning003/E02020N3739E02658N3366-BS-M732_E02176N3602_D010_S022D50R270_A002108_S017,0.28,6.651642928374225e-09,0.001,0.001,1.255,21.7655,36.0284,36022176,9.0,0.001,1.0,1.862460019944783e-09,1.8674136321195144e-05,412.0,"35.717,21.732"
E02113N3823E02873N3483-BS-M732_E02265N3625_D010_S157D50R270_A002108_S017,BS_manning003/E02113N3823E02873N3483-BS-M732_E02265N3625_D010_S157D50R270_A002108_S017,0.09,4.301191749554628e-07,0.001,0.001,0.519,22.6558,36.2533,36252265,1.0,0.001,1.0,3.8710725745991654e-08,1.8674136321195144e-05,225.0,"36.047,22.392"
E01964N3926E02184N3685-BS-M754_E02050N3782_D010_S157D50R090_A003524_S022,BS_manning003/E01964N3926E02184N3685-BS-M754_E02050N3782_D010_S157D50R090_A003524_S022,0.22,1.1774087504635996e-08,-0.001,-0.001,1.35,20.5057,37.8271,37822050,19.0,0.001,1.0,2.5902992510199193e-09,1.8674136321195144e-05,67.0,"37.697,20.412"
E01964N3926E02184N3685-BS-M707_E02022N3782_D010_S337D50R270_A001194_S013,BS_manning003/E01964N3926E02184N3685-BS-M707_E02022N3782_D010_S337D50R270_A001194_S013,0.14,8.666760312536533e-08,0.001,0.001,0.656,20.221,37.8271,37822022,34.0,0.001,1.0,1.2133464437551147e-08,1.8674136321195144e-05,85.0,"37.697,20.082"
E01964N3926E02184N3685-BS-M707_E02022N3782_D094_S337D50R090_A001194_S013,BS_manning003/E01964N3926E02184N3685-BS-M707_E02022N3782_D094_S337D50R090_A001194_S013,0.1,1.462039831785698e-07,0.001,0.001,0.579,20.221,37.8271,37822022,34.0,0.001,1.0,1.4620398317856982e-08,1.8674136321195144e-05,85.0,"37.697,20.082"
E01964N3926E02184N3685-BS-M707_E02050N3782_D010_S157D70R090_A001194_S013,BS_manning003/E01964N3926E02184N3685-BS-M707_E02050N3782_D010_S157D70R090_A001194_S013,0.1,2.4920737709982125e-07,0.001,0.001,0.71,20.5057,37.8271,37822050,19.0,0.001,1.0,2.4920737709982127e-08,1.8674136321195144e-05,67.0,"37.697,20.412"
E01964N3926E02184N3685-BS-M754_E02050N3782_D010_S157D90R270_A003524_S022,BS_manning003/E01964N3926E02184N3685-BS-M754_E02050N3782_D010_S157D90R270_A003524_S022,0.6,3.1980417805322687e-09,0.001,0.001,2.089,20.5057,37.8271,37822050,19.0,0.001,1.0,1.918825068319361e-09,1.8674136321195144e-05,67.0,"37.697,20.412"
E02020N3739E02658N3366-BS-M707_E02143N3580_D010_S022D50R090_A001194_S013,BS_manning003/E02020N3739E02658N3366-BS-M707_E02143N3580_D010_S022D50R090_A001194_S013,0.19,1.6189042623272337e-08,0.001,0.001,1.213,21.435,35.8036,35802143,7.0,0.001,1.0,3.075918098421744e-09,1.8674136321195144e-05,416.0,"35.717,21.402"
E02020N3739E02658N3366-BS-M707_E02115N3580_D010_S022D50R270_A001194_S013,BS_manning003/E02020N3739E02658N3366-BS-M707_E02115N3580_D010_S022D50R270_A001194_S013,0.15,1.6194742385298222e-08,0.001,0.001,0.835,21.1578,35.8036,35802115,1.0,0.001,1.0,2.429211357794733e-09,1.8674136321195144e-05,270.0,"35.717,21.072"
E02113N3823E02873N3483-BS-M754_E02331N3557_D010_S337D70R270_A003524_S022,BS_manning003/E02113N3823E02873N3483-BS-M754_E02331N3557_D010_S337D70R270_A003524_S022,0.16,1.020258301710199e-07,0.001,0.001,0.912,23.3182,35.5788,35572331,2.0,0.001,1.0,1.6324132827363185e-08,1.8674136321195144e-05,129.0,"35.387,23.052"
E02020N3739E02658N3366-BS-M707_E02198N3580_D010_S022D70R090_A001194_S013,BS_manning003/E02020N3739E02658N3366-BS-M707_E02198N3580_D010_S022D70R090_A001194_S013,0.18,5.9698259120579605e-09,0.001,0.001,1.17,21.9894,35.8036,35802198,9.0,0.001,1.0,1.0745686641704329e-09,1.8674136321195144e-05,412.0,"35.717,21.732"
E01964N3926E02184N3685-BS-M754_E02040N3737_D010_S157D70R090_A003524_S022,BS_manning003/E01964N3926E02184N3685-BS-M754_E02040N3737_D010_S157D70R090_A003524_S022,0.25,5.222269654152069e-09,0.001,0.001,1.645,20.4002,37.3774,37372040,20.0,0.001,1.0,1.3055674135380172e-09,1.8674136321195144e-05,142.0,"37.367,20.082"
E02020N3739E02658N3366-BS-M754_E02215N3535_D010_S022D50R090_A003524_S022,BS_manning003/E02020N3739E02658N3366-BS-M754_E02215N3535_D010_S022D50R090_A003524_S022,0.77,8.198792678419947e-10,0.001,0.001,2.546,22.1588,35.3539,35352215,3.0,0.001,1.0,6.313070362383359e-10,1.8674136321195144e-05,720.0,"35.057,22.062"
E02113N3823E02873N3483-BS-M754_E02353N3535_D010_S202D70R270_A003524_S022,BS_manning003/E02113N3823E02873N3483-BS-M754_E02353N3535_D010_S202D70R270_A003524_S022,0.14,1.077524529163778e-07,0.001,0.001,0.66,23.5371,35.3539,35352353,2.0,0.001,1.0,1.5085343408292892e-08,1.8674136321195144e-05,78.0,"35.057,23.382"
E01964N3926E02184N3685-BS-M754_E02045N3760_D010_S157D50R270_A003524_S022,BS_manning003/E01964N3926E02184N3685-BS-M754_E02045N3760_D010_S157D50R270_A003524_S022,0.56,3.200897133166627e-09,0.001,0.001,2.02,20.4527,37.6022,37602045,34.0,0.001,1.0,1.7925023945733113e-09,1.8674136321195144e-05,222.0,"37.367,20.412"
E01964N3926E02184N3685-BS-M732_E02073N3760_D010_S337D50R090_A002108_S017,BS_manning003/E01964N3926E02184N3685-BS-M732_E02073N3760_D010_S337D50R090_A002108_S017,0.24,4.6726158840996754e-08,0.001,0.001,1.062,20.7364,37.6022,37602073,16.0,0.001,1.0,1.121427812183922e-08,1.8674136321195144e-05,222.0,"37.367,20.412"
E01964N3926E02184N3685-BS-M754_E02022N3782_D010_S157D70R090_A003524_S022,BS_manning003/E01964N3926E02184N3685-BS-M754_E02022N3782_D010_S157D70R090_A003524_S022,0.32,7.071103906025897e-09,0.001,0.001,2.177,20.221,37.8271,37822022,34.0,0.001,1.0,2.262753249928287e-09,1.8674136321195144e-05,85.0,"37.697,20.082"
E01964N3926E02184N3685-BS-M707_E02022N3782_D094_S337D30R090_A001194_S013,BS_manning003/E01964N3926E02184N3685-BS-M707_E02022N3782_D094_S337D30R090_A001194_S013,0.1,2.645676097713701e-06,0.001,0.001,0.654,20.221,37.8271,37822022,34.0,0.001,1.0,2.645676097713701e-07,1.8674136321195144e-05,85.0,"37.697,20.082"
E01964N3926E02184N3685-BS-M707_E02040N3737_D010_S157D50R090_A001194_S013,BS_manning003/E01964N3926E02184N3685-BS-M707_E02040N3737_D010_S157D50R090_A001194_S013,0.09,1.973076225266951e-07,0.001,0.001,0.531,20.4002,37.3774,37372040,20.0,0.001,1.0,1.775768602740256e-08,1.8674136321195144e-05,142.0,"37.367,20.082"
E01849N3766E02950N3220-BS-M732_E02000N3557_D010_S022D50R090_A002108_S017,BS_manning003/E01849N3766E02950N3220-BS-M732_E02000N3557_D010_S022D50R090_A002108_S017,0.48,1.6746659925802802e-09,0.001,0.001,2.622,20.0009,35.5788,35572000,1.0,0.001,1.0,8.038396764385345e-10,1.8674136321195144e-05,1.0,"35.387,19.752"
E02020N3739E02658N3366-BS-M707_E02176N3602_D010_S022D70R270_A001194_S013,BS_manning003/E02020N3739E02658N3366-BS-M707_E02176N3602_D010_S022D70R270_A001194_S013,0.15,1.0817608365762729e-08,0.001,0.001,0.751,21.7655,36.0284,36022176,9.0,0.001,1.0,1.6226412548644092e-09,1.8674136321195144e-05,412.0,"35.717,21.732"
E02020N3739E02658N3366-BS-M754_E02243N3535_D010_S022D50R090_A003524_S022,BS_manning003/E02020N3739E02658N3366-BS-M754_E02243N3535_D010_S022D50R090_A003524_S022,0.74,1.23249085755596e-09,0.001,0.001,2.383,22.4345,35.3539,35352243,3.0,0.001,1.0,9.120432345914103e-10,1.8674136321195144e-05,367.0,"35.057,22.392"
E01964N3926E02184N3685-BS-M707_E02011N3737_D010_S157D90R270_A001194_S013,BS_manning003/E01964N3926E02184N3685-BS-M707_E02011N3737_D010_S157D90R270_A001194_S013,0.15,2.8595696365056462e-08,0.001,0.001,0.681,20.1173,37.3774,37372011,12.0,0.001,1.0,4.289354454758469e-09,1.8674136321195144e-05,142.0,"37.367,20.082"
E01964N3926E02184N3685-BS-M707_E02022N3782_D010_S157D50R270_A001194_S013,BS_manning003/E01964N3926E02184N3685-BS-M707_E02022N3782_D010_S157D50R270_A001194_S013,0.2,7.333241878281016e-08,0.001,0.001,0.919,20.221,37.8271,37822022,34.0,0.001,1.0,1.4666483756562032e-08,1.8674136321195144e-05,85.0,"37.697,20.082"
E01964N3926E02184N3685-BS-M774_E02022N3782_D010_S337D30R090_A005608_S028,BS_manning003/E01964N3926E02184N3685-BS-M774_E02022N3782_D010_S337D30R090_A005608_S028,0.69,4.87713904777265e-09,-0.001,-0.001,2.97,20.221,37.8271,37822022,34.0,0.001,1.0,3.365225942963128e-09,1.8674136321195144e-05,85.0,"37.697,20.082"
E02020N3739E02658N3366-BS-M707_E02287N3490_D010_S202D50R270_A001194_S013,BS_manning003/E02020N3739E02658N3366-BS-M707_E02287N3490_D010_S202D50R270_A001194_S013,0.16,3.067267838522894e-08,0.001,0.001,0.622,22.8757,34.9043,34902287,3.0,0.001,1.0,4.907628541636631e-09,1.8674136321195144e-05,574.0,"34.727,22.722"
E02020N3739E02658N3366-BS-M732_E02314N3490_D010_S022D50R270_A002108_S017,BS_manning003/E02020N3739E02658N3366-BS-M732_E02314N3490_D010_S022D50R270_A002108_S017,0.26,9.666671185568675e-09,0.001,0.001,0.784,23.1499,34.9043,34902314,2.0,0.001,1.0,2.5133345082478558e-09,1.8674136321195144e-05,523.0,"34.727,23.052"
E01964N3926E02184N3685-BS-M732_E02040N3737_D010_S157D70R090_A002108_S017,BS_manning003/E01964N3926E02184N3685-BS-M732_E02040N3737_D010_S157D70R090_A002108_S017,0.15,1.835233187356972e-08,0.001,0.001,1.08,20.4002,37.3774,37372040,20.0,0.001,1.0,2.752849781035458e-09,1.8674136321195144e-05,142.0,"37.367,20.082"
E01964N3926E02184N3685-BS-M754_E02068N3737_D010_S337D50R090_A003524_S022,BS_manning003/E01964N3926E02184N3685-BS-M754_E02068N3737_D010_S337D50R090_A003524_S022,0.28,4.9069239026756375e-09,0.001,0.001,1.379,20.6831,37.3774,37372068,7.0,0.001,1.0,1.3739386927491787e-09,1.8674136321195144e-05,222.0,"37.367,20.412"
E02020N3739E02658N3366-BS-M707_E02198N3580_D010_S202D50R270_A001194_S013,BS_manning003/E02020N3739E02658N3366-BS-M707_E02198N3580_D010_S202D50R270_A001194_S013,0.21,2.0177568703156184e-08,0.001,0.001,0.975,21.9894,35.8036,35802198,9.0,0.001,1.0,4.237289427662799e-09,1.8674136321195144e-05,412.0,"35.717,21.732"
E01964N3926E02184N3685-BS-M754_E02011N3737_D010_S337D50R090_A003524_S022,BS_manning003/E01964N3926E02184N3685-BS-M754_E02011N3737_D010_S337D50R090_A003524_S022,0.32,2.1713305835204603e-09,0.001,-0.001,1.74,20.1173,37.3774,37372011,12.0,0.001,1.0,6.948257867265473e-10,1.8674136321195144e-05,142.0,"37.367,20.082"
E01964N3926E02184N3685-BS-M732_E02022N3782_D010_S337D30R090_A002108_S017,BS_manning003/E01964N3926E02184N3685-BS-M732_E02022N3782_D010_S337D30R090_A002108_S017,0.23,3.29254346732685e-07,0.001,0.001,1.357,20.221,37.8271,37822022,34.0,0.001,1.0,7.572849974851755e-08,1.8674136321195144e-05,85.0,"37.697,20.082"
E01964N3926E02184N3685-BS-M754_E02022N3782_D010_S157D50R090_A003524_S022,BS_manning003/E01964N3926E02184N3685-BS-M754_E02022N3782_D010_S157D50R090_A003524_S022,0.31,9.073720210190932e-09,-0.001,-0.001,1.972,20.221,37.8271,37822022,34.0,0.001,1.0,2.812853265159189e-09,1.8674136321195144e-05,85.0,"37.697,20.082"
E01964N3926E02184N3685-BS-M707_E02050N3782_D010_S337D50R090_A001194_S013,BS_manning003/E01964N3926E02184N3685-BS-M707_E02050N3782_D010_S337D50R090_A001194_S013,0.15,1.7656359880177382e-07,0.001,0.001,0.809,20.5057,37.8271,37822050,19.0,0.001,1.0,2.648453982026607e-08,1.8674136321195144e-05,67.0,"37.697,20.412"
E01964N3926E02184N3685-BS-M707_E02045N3760_D010_S337D70R090_A001194_S013,BS_manning003/E01964N3926E02184N3685-BS-M707_E02045N3760_D010_S337D70R090_A001194_S013,0.12,2.4715982495740543e-08,0.001,0.001,0.8,20.4527,37.6022,37602045,34.0,0.001,1.0,2.965917899488865e-09,1.8674136321195144e-05,222.0,"37.367,20.412"
E01964N3926E02184N3685-BS-M754_E02045N3760_D010_S157D70R090_A003524_S022,BS_manning003/E01964N3926E02184N3685-BS-M754_E02045N3760_D010_S157D70R090_A003524_S022,0.31,8.005592732148073e-09,0.001,0.001,2.097,20.4527,37.6022,37602045,34.0,0.001,1.0,2.4817337469659026e-09,1.8674136321195144e-05,222.0,"37.367,20.412"
E01964N3926E02184N3685-BS-M732_E02045N3760_D010_S157D70R090_A002108_S017,BS_manning003/E01964N3926E02184N3685-BS-M732_E02045N3760_D010_S157D70R090_A002108_S017,0.2,2.7604538560973192e-08,0.001,0.001,1.32,20.4527,37.6022,37602045,34.0,0.001,1.0,5.520907712194639e-09,1.8674136321195144e-05,222.0,"37.367,20.412"
E02020N3739E02658N3366-BS-M732_E02143N3580_D010_S022D50R090_A002108_S017,BS_manning003/E02020N3739E02658N3366-BS-M732_E02143N3580_D010_S022D50R090_A002108_S017,0.44,2.368522614833358e-09,0.001,0.001,1.989,21.435,35.8036,35802143,7.0,0.001,1.0,1.0421499505266776e-09,1.8674136321195144e-05,416.0,"35.717,21.402"
E02113N3823E02873N3483-BS-M732_E02309N3580_D010_S157D70R270_A002108_S017,BS_manning003/E02113N3823E02873N3483-BS-M732_E02309N3580_D010_S157D70R270_A002108_S017,0.16,8.489931530876034e-07,0.001,0.001,0.899,23.0983,35.8036,35802309,5.0,0.001,1.0,1.3583890449401656e-07,1.8674136321195144e-05,387.0,"35.717,23.052"
E02020N3739E02658N3366-BS-M754_E02148N3602_D010_S022D50R090_A003524_S022,BS_manning003/E02020N3739E02658N3366-BS-M754_E02148N3602_D010_S022D50R090_A003524_S022,0.76,1.095302927119977e-09,0.001,0.001,2.802,21.4875,36.0284,36022148,8.0,0.001,1.0,8.324302246111826e-10,1.8674136321195144e-05,416.0,"35.717,21.402"
E02020N3739E02658N3366-BS-M754_E02238N3512_D010_S022D50R090_A003524_S022,BS_manning003/E02020N3739E02658N3366-BS-M754_E02238N3512_D010_S022D50R090_A003524_S022,0.58,9.797547078813327e-10,0.001,0.001,2.049,22.3807,35.1291,35122238,1.0,0.001,1.0,5.68257730571173e-10,1.8674136321195144e-05,720.0,"35.057,22.062"
E02020N3739E02658N3366-BS-M754_E02248N3557_D010_S022D50R090_A003524_S022,BS_manning003/E02020N3739E02658N3366-BS-M754_E02248N3557_D010_S022D50R090_A003524_S022,0.66,1.2032086405199134e-09,0.001,0.001,2.474,22.4889,35.5788,35572248,3.0,0.001,1.0,7.941177027431429e-10,1.8674136321195144e-05,404.0,"35.387,22.392"
E01964N3926E02184N3685-BS-M754_E02011N3737_D010_S337D30R090_A003524_S022,BS_manning003/E01964N3926E02184N3685-BS-M754_E02011N3737_D010_S337D30R090_A003524_S022,0.27,4.217168413844596e-09,0.001,-0.001,1.546,20.1173,37.3774,37372011,12.0,0.001,1.0,1.138635471738041e-09,1.8674136321195144e-05,142.0,"37.367,20.082"
E01964N3926E02184N3685-BS-M754_E02040N3737_D010_S292D30R090_A003524_S022,BS_manning003/E01964N3926E02184N3685-BS-M754_E02040N3737_D010_S292D30R090_A003524_S022,0.16,1.3040513384282326e-07,0.001,0.001,0.796,20.4002,37.3774,37372040,20.0,0.001,1.0,2.086482141485172e-08,1.8674136321195144e-05,142.0,"37.367,20.082"
E01964N3926E02184N3685-BS-M754_E02050N3782_D010_S337D30R090_A003524_S022,BS_manning003/E01964N3926E02184N3685-BS-M754_E02050N3782_D010_S337D30R090_A003524_S022,0.32,2.888142521945788e-07,0.001,-0.001,1.8,20.5057,37.8271,37822050,19.0,0.001,1.0,9.242056070226522e-08,1.8674136321195144e-05,67.0,"37.697,20.412"
E01964N3926E02184N3685-BS-M732_E02073N3760_D010_S292D30R090_A002108_S017,BS_manning003/E01964N3926E02184N3685-BS-M732_E02073N3760_D010_S292D30R090_A002108_S017,0.07,2.0049105168154256e-06,0.001,0.001,0.613,20.7364,37.6022,37602073,16.0,0.001,1.0,1.403437361770798e-07,1.8674136321195144e-05,222.0,"37.367,20.412"
E01964N3926E02184N3685-BS-M732_E02022N3782_D115_S337D30R090_A002108_S017,BS_manning003/E01964N3926E02184N3685-BS-M732_E02022N3782_D115_S337D30R090_A002108_S017,0.18,3.29254346732685e-07,0.001,0.001,1.036,20.221,37.8271,37822022,34.0,0.001,1.0,5.9265782411883296e-08,1.8674136321195144e-05,85.0,"37.697,20.082"
E01964N3926E02184N3685-BS-M754_E02073N3760_D010_S337D30R090_A003524_S022,BS_manning003/E01964N3926E02184N3685-BS-M754_E02073N3760_D010_S337D30R090_A003524_S022,0.28,2.8167052736950312e-08,0.001,0.001,1.48,20.7364,37.6022,37602073,16.0,0.001,1.0,7.886774766346088e-09,1.8674136321195144e-05,222.0,"37.367,20.412"
E02020N3739E02658N3366-BS-M732_E02171N3580_D010_S022D50R270_A002108_S017,BS_manning003/E02020N3739E02658N3366-BS-M732_E02171N3580_D010_S022D50R270_A002108_S017,0.31,5.861375019757455e-09,0.001,0.001,1.347,21.7122,35.8036,35802171,10.0,0.001,1.0,1.8170262561248112e-09,1.8674136321195144e-05,416.0,"35.717,21.402"
E01964N3926E02184N3685-BS-M774_E02050N3782_D010_S337D30R090_A005608_S028,BS_manning003/E01964N3926E02184N3685-BS-M774_E02050N3782_D010_S337D30R090_A005608_S028,0.54,1.5058609036046192e-08,-0.001,-0.001,2.435,20.5057,37.8271,37822050,19.0,0.001,1.0,8.131648879464944e-09,1.8674136321195144e-05,67.0,"37.697,20.412"
E01964N3926E02184N3685-BS-M707_E02045N3760_D010_S157D30R090_A001194_S013,BS_manning003/E01964N3926E02184N3685-BS-M707_E02045N3760_D010_S157D30R090_A001194_S013,0.1,9.08197709387784e-08,0.001,0.001,0.716,20.4527,37.6022,37602045,34.0,0.001,1.0,9.08197709387784e-09,1.8674136321195144e-05,222.0,"37.367,20.412"
E01964N3926E02184N3685-BS-M732_E02022N3782_D115_S337D50R090_A002108_S017,BS_manning003/E01964N3926E02184N3685-BS-M732_E02022N3782_D115_S337D50R090_A002108_S017,0.19,1.8232430990927052e-08,0.001,0.001,0.964,20.221,37.8271,37822022,34.0,0.001,1.0,3.46416188827614e-09,1.8674136321195144e-05,85.0,"37.697,20.082"
E01964N3926E02184N3685-BS-M732_E02016N3760_D115_S337D30R090_A002108_S017,BS_manning003/E01964N3926E02184N3685-BS-M732_E02016N3760_D115_S337D30R090_A002108_S017,0.17,2.1852966389171587e-08,0.001,0.001,1.169,20.1689,37.6022,37602016,22.0,0.001,1.0,3.71500428615917e-09,1.8674136321195144e-05,142.0,"37.367,20.082"
E01964N3926E02184N3685-BS-M680_E02045N3760_D075_S292D30R090_A000638_S009,BS_manning003/E01964N3926E02184N3685-BS-M680_E02045N3760_D075_S292D30R090_A000638_S009,0.04,1.9504744173578325e-05,0.001,0.001,0.224,20.4527,37.6022,37602045,34.0,0.001,1.0,7.801897669431331e-07,1.8674136321195144e-05,222.0,"37.367,20.412"
E01964N3926E02184N3685-BS-M754_E02045N3760_D010_S157D90R270_A003524_S022,BS_manning003/E01964N3926E02184N3685-BS-M754_E02045N3760_D010_S157D90R270_A003524_S022,0.63,3.231407385876551e-09,0.001,0.001,2.344,20.4527,37.6022,37602045,34.0,0.001,1.0,2.035786653102227e-09,1.8674136321195144e-05,222.0,"37.367,20.412"
E01964N3926E02184N3685-BS-M774_E02073N3760_D010_S337D50R090_A005608_S028,BS_manning003/E01964N3926E02184N3685-BS-M774_E02073N3760_D010_S337D50R090_A005608_S028,0.66,6.926647775911022e-10,-0.001,-0.001,2.674,20.7364,37.6022,37602073,16.0,0.001,1.0,4.5715875321012745e-10,1.8674136321195144e-05,222.0,"37.367,20.412"
E01964N3926E02184N3685-BS-M754_E02073N3760_D010_S337D50R090_A003524_S022,BS_manning003/E01964N3926E02184N3685-BS-M754_E02073N3760_D010_S337D50R090_A003524_S022,0.48,1.337242417972819e-08,0.001,0.001,1.762,20.7364,37.6022,37602073,16.0,0.001,1.0,6.418763606269531e-09,1.8674136321195144e-05,222.0,"37.367,20.412"
E01964N3926E02184N3685-BS-M754_E02045N3760_D010_S292D30R090_A003524_S022,BS_manning003/E01964N3926E02184N3685-BS-M754_E02045N3760_D010_S292D30R090_A003524_S022,0.11,2.6785112314457445e-07,0.001,0.001,0.848,20.4527,37.6022,37602045,34.0,0.001,1.0,2.946362354590319e-08,1.8674136321195144e-05,222.0,"37.367,20.412"
E01964N3926E02184N3685-BS-M732_E02040N3737_D010_S337D30R090_A002108_S017,BS_manning003/E01964N3926E02184N3685-BS-M732_E02040N3737_D010_S337D30R090_A002108_S017,0.14,1.6317684427152932e-07,0.001,0.001,0.827,20.4002,37.3774,37372040,20.0,0.001,1.0,2.2844758198014108e-08,1.8674136321195144e-05,142.0,"37.367,20.082"
E01964N3926E02184N3685-BS-M774_E02040N3737_D010_S337D30R090_A005608_S028,BS_manning003/E01964N3926E02184N3685-BS-M774_E02040N3737_D010_S337D30R090_A005608_S028,0.5,2.443591237043725e-09,-0.001,-0.001,1.931,20.4002,37.3774,37372040,20.0,0.001,1.0,1.2217956185218626e-09,1.8674136321195144e-05,142.0,"37.367,20.082"
E01964N3926E02184N3685-BS-M707_E02073N3760_D010_S157D50R090_A001194_S013,BS_manning003/E01964N3926E02184N3685-BS-M707_E02073N3760_D010_S157D50R090_A001194_S013,0.07,6.645049619987906e-07,0.001,0.001,0.561,20.7364,37.6022,37602073,16.0,0.001,1.0,4.6515347339915346e-08,1.8674136321195144e-05,222.0,"37.367,20.412"
E01964N3926E02184N3685-BS-M707_E02045N3760_D094_S337D50R090_A001194_S013,BS_manning003/E01964N3926E02184N3685-BS-M707_E02045N3760_D094_S337D50R090_A001194_S013,0.1,1.7937047244551348e-07,0.001,0.001,0.646,20.4527,37.6022,37602045,34.0,0.001,1.0,1.793704724455135e-08,1.8674136321195144e-05,222.0,"37.367,20.412"
E01964N3926E02184N3685-BS-M680_E02050N3782_D010_S337D30R090_A000638_S009,BS_manning003/E01964N3926E02184N3685-BS-M680_E02050N3782_D010_S337D30R090_A000638_S009,0.05,2.095996692433065e-05,0.001,0.001,0.371,20.5057,37.8271,37822050,19.0,0.001,1.0,1.0479983462165324e-06,1.8674136321195144e-05,67.0,"37.697,20.412"
E01964N3926E02184N3685-BS-M732_E02011N3737_D010_S157D90R270_A002108_S017,BS_manning003/E01964N3926E02184N3685-BS-M732_E02011N3737_D010_S157D90R270_A002108_S017,0.3,7.32086359450345e-09,0.001,0.001,1.092,20.1173,37.3774,37372011,12.0,0.001,1.0,2.196259078351035e-09,1.8674136321195144e-05,142.0,"37.367,20.082"
E01964N3926E02184N3685-BS-M732_E02050N3782_D010_S337D50R090_A002108_S017,BS_manning003/E01964N3926E02184N3685-BS-M732_E02050N3782_D010_S337D50R090_A002108_S017,0.26,2.174506995342633e-08,0.001,0.001,1.401,20.5057,37.8271,37822050,19.0,0.001,1.0,5.653718187890846e-09,1.8674136321195144e-05,67.0,"37.697,20.412"
E02020N3739E02658N3366-BS-M754_E02171N3580_D010_S022D50R270_A003524_S022,BS_manning003/E02020N3739E02658N3366-BS-M754_E02171N3580_D010_S022D50R270_A003524_S022,0.49,2.168393782336323e-09,0.001,0.001,2.008,21.7122,35.8036,35802171,10.0,0.001,1.0,1.0625129533447983e-09,1.8674136321195144e-05,416.0,"35.717,21.402"
E01964N3926E02184N3685-BS-M707_E02011N3737_D010_S157D50R090_A001194_S013,BS_manning003/E01964N3926E02184N3685-BS-M707_E02011N3737_D010_S157D50R090_A001194_S013,0.09,1.0002019182879753e-07,0.001,0.001,0.67,20.1173,37.3774,37372011,12.0,0.001,1.0,9.001817264591778e-09,1.8674136321195144e-05,142.0,"37.367,20.082"
E01964N3926E02184N3685-BS-M732_E02045N3760_D010_S157D90R270_A002108_S017,BS_manning003/E01964N3926E02184N3685-BS-M732_E02045N3760_D010_S157D90R270_A002108_S017,0.3,1.1326072639527456e-08,0.001,0.001,1.347,20.4527,37.6022,37602045,34.0,0.001,1.0,3.3978217918582365e-09,1.8674136321195144e-05,222.0,"37.367,20.412"
E01964N3926E02184N3685-BS-M732_E02011N3737_D010_S337D30R090_A002108_S017,BS_manning003/E01964N3926E02184N3685-BS-M732_E02011N3737_D010_S337D30R090_A002108_S017,0.15,2.9644654619756194e-08,0.001,0.001,0.919,20.1173,37.3774,37372011,12.0,0.001,1.0,4.446698192963429e-09,1.8674136321195144e-05,142.0,"37.367,20.082"
E01964N3926E02184N3685-BS-M754_E02050N3782_D010_S337D50R090_A003524_S022,BS_manning003/E01964N3926E02184N3685-BS-M754_E02050N3782_D010_S337D50R090_A003524_S022,0.41,6.184389393744899e-09,-0.001,-0.001,2.11,20.5057,37.8271,37822050,19.0,0.001,1.0,2.5355996514354087e-09,1.8674136321195144e-05,67.0,"37.697,20.412"
E02020N3739E02658N3366-BS-M754_E02171N3580_D010_S022D30R090_A003524_S022,BS_manning003/E02020N3739E02658N3366-BS-M754_E02171N3580_D010_S022D30R090_A003524_S022,0.49,1.1250392233789324e-09,0.001,0.001,2.387,21.7122,35.8036,35802171,10.0,0.001,1.0,5.512692194556768e-10,1.8674136321195144e-05,416.0,"35.717,21.402"
E01964N3926E02184N3685-BS-M732_E02016N3760_D010_S337D30R090_A002108_S017,BS_manning003/E01964N3926E02184N3685-BS-M732_E02016N3760_D010_S337D30R090_A002108_S017,0.2,2.1852966389171587e-08,0.001,0.001,1.28,20.1689,37.6022,37602016,22.0,0.001,1.0,4.3705932778343175e-09,1.8674136321195144e-05,142.0,"37.367,20.082"
E01964N3926E02184N3685-BS-M707_E02022N3782_D010_S337D50R090_A001194_S013,BS_manning003/E01964N3926E02184N3685-BS-M707_E02022N3782_D010_S337D50R090_A001194_S013,0.17,1.462039831785698e-07,0.001,0.001,0.929,20.221,37.8271,37822022,34.0,0.001,1.0,2.485467714035687e-08,1.8674136321195144e-05,85.0,"37.697,20.082"
E01964N3926E02184N3685-BS-M732_E02022N3782_D010_S157D50R270_A002108_S017,BS_manning003/E01964N3926E02184N3685-BS-M732_E02022N3782_D010_S157D50R270_A002108_S017,0.36,9.266396666442038e-09,0.001,0.001,1.382,20.221,37.8271,37822022,34.0,0.001,1.0,3.3359027999191333e-09,1.8674136321195144e-05,85.0,"37.697,20.082"
E01964N3926E02184N3685-BS-M732_E02022N3782_D010_S157D90R090_A002108_S017,BS_manning003/E01964N3926E02184N3685-BS-M732_E02022N3782_D010_S157D90R090_A002108_S017,0.18,5.194815774209625e-09,0.001,0.001,1.387,20.221,37.8271,37822022,34.0,0.001,1.0,9.350668393577325e-10,1.8674136321195144e-05,85.0,"37.697,20.082"
E01964N3926E02184N3685-BS-M680_E02050N3782_D075_S337D30R090_A000638_S009,BS_manning003/E01964N3926E02184N3685-BS-M680_E02050N3782_D075_S337D30R090_A000638_S009,0.04,2.095996692433065e-05,0.001,0.001,0.28,20.5057,37.8271,37822050,19.0,0.001,1.0,8.38398676973226e-07,1.8674136321195144e-05,67.0,"37.697,20.412"
E02020N3739E02658N3366-BS-M707_E02226N3580_D010_S022D50R270_A001194_S013,BS_manning003/E02020N3739E02658N3366-BS-M707_E02226N3580_D010_S022D50R270_A001194_S013,0.15,3.62775828780846e-08,0.001,0.001,0.722,22.2667,35.8036,35802226,5.0,0.001,1.0,5.44163743171269e-09,1.8674136321195144e-05,373.0,"35.717,22.062"
E02020N3739E02658N3366-BS-M754_E02198N3580_D010_S022D50R090_A003524_S022,BS_manning003/E02020N3739E02658N3366-BS-M754_E02198N3580_D010_S022D50R090_A003524_S022,0.71,1.2576864586110903e-09,0.001,0.001,2.639,21.9894,35.8036,35802198,9.0,0.001,1.0,8.929573856138741e-10,1.8674136321195144e-05,412.0,"35.717,21.732"
E01964N3926E02184N3685-BS-M707_E02073N3760_D010_S337D50R090_A001194_S013,BS_manning003/E01964N3926E02184N3685-BS-M707_E02073N3760_D010_S337D50R090_A001194_S013,0.12,3.783648758315981e-07,0.001,0.001,0.586,20.7364,37.6022,37602073,16.0,0.001,1.0,4.540378509979177e-08,1.8674136321195144e-05,222.0,"37.367,20.412"
E01964N3926E02184N3685-BS-M732_E02016N3760_D010_S337D50R090_A002108_S017,BS_manning003/E01964N3926E02184N3685-BS-M732_E02016N3760_D010_S337D50R090_A002108_S017,0.31,1.0841300580656126e-08,0.001,0.001,1.505,20.1689,37.6022,37602016,22.0,0.001,1.0,3.360803180003399e-09,1.8674136321195144e-05,142.0,"37.367,20.082"
E01964N3926E02184N3685-BS-M732_E02016N3760_D010_S157D90R270_A002108_S017,BS_manning003/E01964N3926E02184N3685-BS-M732_E02016N3760_D010_S157D90R270_A002108_S017,0.36,5.48609220470554e-09,0.001,0.001,1.467,20.1689,37.6022,37602016,22.0,0.001,1.0,1.974993193693994e-09,1.8674136321195144e-05,142.0,"37.367,20.082"
E01964N3926E02184N3685-BS-M707_E02045N3760_D010_S157D90R270_A001194_S013,BS_manning003/E01964N3926E02184N3685-BS-M707_E02045N3760_D010_S157D90R270_A001194_S013,0.13,9.115922212289469e-08,0.001,0.001,0.714,20.4527,37.6022,37602045,34.0,0.001,1.0,1.1850698875976309e-08,1.8674136321195144e-05,222.0,"37.367,20.412"
E01964N3926E02184N3685-BS-M792_E02050N3782_D010_S337D30R090_A008541_S034,BS_manning003/E01964N3926E02184N3685-BS-M792_E02050N3782_D010_S337D30R090_A008541_S034,0.83,5.263941622736964e-10,-0.002,-0.002,3.256,20.5057,37.8271,37822050,19.0,0.002,1.0,4.36907154687168e-10,1.8674136321195144e-05,67.0,"37.697,20.412"
E01964N3926E02184N3685-BS-M732_E02073N3760_D010_S337D50R270_A002108_S017,BS_manning003/E01964N3926E02184N3685-BS-M732_E02073N3760_D010_S337D50R270_A002108_S017,0.14,2.7987599054301188e-08,0.001,0.001,1.036,20.7364,37.6022,37602073,16.0,0.001,1.0,3.9182638676021665e-09,1.8674136321195144e-05,222.0,"37.367,20.412"
E02020N3739E02658N3366-BS-M754_E02138N3557_D010_S022D30R090_A003524_S022,BS_manning003/E02020N3739E02658N3366-BS-M754_E02138N3557_D010_S022D30R090_A003524_S022,0.65,9.761454634440306e-10,0.001,0.001,2.563,21.3831,35.5788,35572138,8.0,0.001,1.0,6.344945512386199e-10,1.8674136321195144e-05,216.0,"35.387,21.072"
E02020N3739E02658N3366-BS-M754_E02204N3602_D010_S022D50R090_A003524_S022,BS_manning003/E02020N3739E02658N3366-BS-M754_E02204N3602_D010_S022D50R090_A003524_S022,0.53,1.440271549234094e-09,0.001,0.001,2.276,22.0435,36.0284,36022204,4.0,0.001,1.0,7.633439210940698e-10,1.8674136321195144e-05,412.0,"35.717,21.732"
E02020N3739E02658N3366-BS-M707_E02165N3557_D010_S022D50R090_A001194_S013,BS_manning003/E02020N3739E02658N3366-BS-M707_E02165N3557_D010_S022D50R090_A001194_S013,0.18,1.5276624413534145e-08,0.001,0.001,1.181,21.6596,35.5788,35572165,5.0,0.001,1.0,2.749792394436146e-09,1.8674136321195144e-05,304.0,"35.387,21.402"
E01964N3926E02184N3685-BS-M732_E02040N3737_D010_S337D50R090_A002108_S017,BS_manning003/E01964N3926E02184N3685-BS-M732_E02040N3737_D010_S337D50R090_A002108_S017,0.18,1.3623838852441926e-08,0.001,0.001,0.961,20.4002,37.3774,37372040,20.0,0.001,1.0,2.4522909934395465e-09,1.8674136321195144e-05,142.0,"37.367,20.082"
E01964N3926E02184N3685-BS-M754_E02022N3782_D010_S337D30R090_A003524_S022,BS_manning003/E01964N3926E02184N3685-BS-M754_E02022N3782_D010_S337D30R090_A003524_S022,0.43,9.493398844478145e-08,-0.001,-0.001,2.082,20.221,37.8271,37822022,34.0,0.001,1.0,4.0821615031256025e-08,1.8674136321195144e-05,85.0,"37.697,20.082"
E01964N3926E02184N3685-BS-M707_E02068N3737_D010_S157D50R090_A001194_S013,BS_manning003/E01964N3926E02184N3685-BS-M707_E02068N3737_D010_S157D50R090_A001194_S013,0.07,2.583713517658645e-07,0.001,0.001,0.416,20.6831,37.3774,37372068,7.0,0.001,1.0,1.8085994623610516e-08,1.8674136321195144e-05,222.0,"37.367,20.412"
E01964N3926E02184N3685-BS-M754_E02045N3760_D010_S337D50R090_A003524_S022,BS_manning003/E01964N3926E02184N3685-BS-M754_E02045N3760_D010_S337D50R090_A003524_S022,0.44,6.721017771092922e-09,0.001,-0.001,2.006,20.4527,37.6022,37602045,34.0,0.001,1.0,2.9572478192808857e-09,1.8674136321195144e-05,222.0,"37.367,20.412"
E01964N3926E02184N3685-BS-M732_E02045N3760_D010_S337D50R270_A002108_S017,BS_manning003/E01964N3926E02184N3685-BS-M732_E02045N3760_D010_S337D50R270_A002108_S017,0.24,1.3285250862793982e-08,0.001,0.001,1.144,20.4527,37.6022,37602045,34.0,0.001,1.0,3.1884602070705554e-09,1.8674136321195144e-05,222.0,"37.367,20.412"
E01964N3926E02184N3685-BS-M732_E02011N3737_D010_S157D50R090_A002108_S017,BS_manning003/E01964N3926E02184N3685-BS-M732_E02011N3737_D010_S157D50R090_A002108_S017,0.17,2.4836567368105458e-08,0.001,0.001,1.08,20.1173,37.3774,37372011,12.0,0.001,1.0,4.222216452577928e-09,1.8674136321195144e-05,142.0,"37.367,20.082"
E02020N3739E02658N3366-BS-M754_E02143N3580_D010_S022D50R270_A003524_S022,BS_manning003/E02020N3739E02658N3366-BS-M754_E02143N3580_D010_S022D50R270_A003524_S022,0.5,1.5505560360542066e-09,0.001,0.001,2.248,21.435,35.8036,35802143,7.0,0.001,1.0,7.752780180271033e-10,1.8674136321195144e-05,416.0,"35.717,21.402"
E01964N3926E02184N3685-BS-M707_E02045N3760_D094_S337D30R090_A001194_S013,BS_manning003/E01964N3926E02184N3685-BS-M707_E02045N3760_D094_S337D30R090_A001194_S013,0.09,3.650657807677334e-07,0.001,0.001,0.621,20.4527,37.6022,37602045,34.0,0.001,1.0,3.285592026909601e-08,1.8674136321195144e-05,222.0,"37.367,20.412"
E02113N3823E02873N3483-BS-M732_E02331N3557_D010_S337D70R270_A002108_S017,BS_manning003/E02113N3823E02873N3483-BS-M732_E02331N3557_D010_S337D70R270_A002108_S017,0.09,4.4961900063613995e-07,0.001,0.001,0.659,23.3182,35.5788,35572331,2.0,0.001,1.0,4.046571005725259e-08,1.8674136321195144e-05,129.0,"35.387,23.052"
E01964N3926E02184N3685-BS-M732_E02045N3760_D010_S337D50R090_A002108_S017,BS_manning003/E01964N3926E02184N3685-BS-M732_E02045N3760_D010_S337D50R090_A002108_S017,0.27,2.2595293801327002e-08,0.001,0.001,1.415,20.4527,37.6022,37602045,34.0,0.001,1.0,6.100729326358291e-09,1.8674136321195144e-05,222.0,"37.367,20.412"
E01964N3926E02184N3685-BS-M680_E02045N3760_D010_S292D30R090_A000638_S009,BS_manning003/E01964N3926E02184N3685-BS-M680_E02045N3760_D010_S292D30R090_A000638_S009,0.04,1.9504744173578325e-05,0.001,0.001,0.254,20.4527,37.6022,37602045,34.0,0.001,1.0,7.801897669431331e-07,1.8674136321195144e-05,222.0,"37.367,20.412"
E02113N3823E02873N3483-BS-M774_E02353N3535_D010_S202D70R270_A005608_S028,BS_manning003/E02113N3823E02873N3483-BS-M774_E02353N3535_D010_S202D70R270_A005608_S028,0.28,1.651688068276114e-08,0.001,0.001,1.073,23.5371,35.3539,35352353,2.0,0.001,1.0,4.62472659117312e-09,1.8674136321195144e-05,78.0,"35.057,23.382"
E01964N3926E02184N3685-BS-M754_E02045N3760_D010_S337D30R090_A003524_S022,BS_manning003/E01964N3926E02184N3685-BS-M754_E02045N3760_D010_S337D30R090_A003524_S022,0.34,1.2594696607609452e-08,0.001,-0.001,1.709,20.4527,37.6022,37602045,34.0,0.001,1.0,4.282196846587214e-09,1.8674136321195144e-05,222.0,"37.367,20.412"
E01964N3926E02184N3685-BS-M732_E02022N3782_D010_S157D90R270_A002108_S017,BS_manning003/E01964N3926E02184N3685-BS-M732_E02022N3782_D010_S157D90R270_A002108_S017,0.35,8.896175201263416e-09,0.001,0.001,1.604,20.221,37.8271,37822022,34.0,0.001,1.0,3.1136613204421953e-09,1.8674136321195144e-05,85.0,"37.697,20.082"
E02020N3739E02658N3366-BS-M732_E02226N3580_D010_S022D50R090_A002108_S017,BS_manning003/E02020N3739E02658N3366-BS-M732_E02226N3580_D010_S022D50R090_A002108_S017,0.29,2.892647246355191e-09,0.001,0.001,1.615,22.2667,35.8036,35802226,5.0,0.001,1.0,8.388677014430053e-10,1.8674136321195144e-05,373.0,"35.717,22.062"
E01964N3926E02184N3685-BS-M732_E02045N3760_D115_S337D30R090_A002108_S017,BS_manning003/E01964N3926E02184N3685-BS-M732_E02045N3760_D115_S337D30R090_A002108_S017,0.16,4.504792514842353e-08,0.001,0.001,1.009,20.4527,37.6022,37602045,34.0,0.001,1.0,7.2076680237477656e-09,1.8674136321195144e-05,222.0,"37.367,20.412"
E01964N3926E02184N3685-BS-M707_E02040N3737_D010_S337D50R090_A001194_S013,BS_manning003/E01964N3926E02184N3685-BS-M707_E02040N3737_D010_S337D50R090_A001194_S013,0.08,1.0960692038829138e-07,0.001,0.001,0.588,20.4002,37.3774,37372040,20.0,0.001,1.0,8.768553631063311e-09,1.8674136321195144e-05,142.0,"37.367,20.082"
E01964N3926E02184N3685-BS-M732_E02050N3782_D115_S337D30R090_A002108_S017,BS_manning003/E01964N3926E02184N3685-BS-M732_E02050N3782_D115_S337D30R090_A002108_S017,0.16,9.96859994905761e-07,0.001,0.001,0.848,20.5057,37.8271,37822050,19.0,0.001,1.0,1.5949759918492176e-07,1.8674136321195144e-05,67.0,"37.697,20.412"
E01964N3926E02184N3685-BS-M707_E02045N3760_D010_S157D50R090_A001194_S013,BS_manning003/E01964N3926E02184N3685-BS-M707_E02045N3760_D010_S157D50R090_A001194_S013,0.13,3.07814084193239e-07,0.001,0.001,0.784,20.4527,37.6022,37602045,34.0,0.001,1.0,4.0015830945121074e-08,1.8674136321195144e-05,222.0,"37.367,20.412"
E02113N3823E02873N3483-BS-M754_E02309N3580_D010_S157D70R270_A003524_S022,BS_manning003/E02113N3823E02873N3483-BS-M754_E02309N3580_D010_S157D70R270_A003524_S022,0.3,1.9258270422392214e-07,0.001,0.001,1.183,23.0983,35.8036,35802309,5.0,0.001,1.0,5.777481126717664e-08,1.8674136321195144e-05,387.0,"35.717,23.052"
E02020N3739E02658N3366-BS-M732_E02198N3580_D010_S022D50R270_A002108_S017,BS_manning003/E02020N3739E02658N3366-BS-M732_E02198N3580_D010_S022D50R270_A002108_S017,0.31,5.914195569390564e-09,0.001,0.001,1.285,21.9894,35.8036,35802198,9.0,0.001,1.0,1.8334006265110748e-09,1.8674136321195144e-05,412.0,"35.717,21.732"
E01964N3926E02184N3685-BS-M732_E02068N3737_D010_S337D30R090_A002108_S017,BS_manning003/E01964N3926E02184N3685-BS-M732_E02068N3737_D010_S337D30R090_A002108_S017,0.12,3.700479887344419e-08,0.001,0.001,0.697,20.6831,37.3774,37372068,7.0,0.001,1.0,4.440575864813303e-09,1.8674136321195144e-05,222.0,"37.367,20.412"
E02020N3739E02658N3366-BS-M754_E02126N3625_D010_S022D50R090_A003524_S022,BS_manning003/E02020N3739E02658N3366-BS-M754_E02126N3625_D010_S022D50R090_A003524_S022,0.61,8.286224738087839e-10,0.001,-0.001,2.479,21.2617,36.2533,36252126,2.0,0.001,1.0,5.054597090233582e-10,1.8674136321195144e-05,417.0,"36.047,21.072"
E01849N3766E02950N3220-BS-M707_E02110N3557_D010_S022D50R090_A001194_S013,BS_manning003/E01849N3766E02950N3220-BS-M707_E02110N3557_D010_S022D50R090_A001194_S013,0.18,1.2995182190839544e-08,0.001,0.001,1.283,21.1067,35.5788,35572110,3.0,0.001,1.0,2.339132794351118e-09,1.8674136321195144e-05,216.0,"35.387,21.072"
E02020N3739E02658N3366-BS-M732_E02171N3580_D010_S022D50R090_A002108_S017,BS_manning003/E02020N3739E02658N3366-BS-M732_E02171N3580_D010_S022D50R090_A002108_S017,0.42,3.703614573075201e-09,0.001,0.001,1.891,21.7122,35.8036,35802171,10.0,0.001,1.0,1.5555181206915845e-09,1.8674136321195144e-05,416.0,"35.717,21.402"
E01964N3926E02184N3685-BS-M707_E02050N3782_D010_S157D90R270_A001194_S013,BS_manning003/E01964N3926E02184N3685-BS-M707_E02050N3782_D010_S157D90R270_A001194_S013,0.19,8.784599915848885e-08,0.001,0.001,0.827,20.5057,37.8271,37822050,19.0,0.001,1.0,1.6690739840112883e-08,1.8674136321195144e-05,67.0,"37.697,20.412"
E02020N3739E02658N3366-BS-M732_E02248N3557_D010_S022D50R090_A002108_S017,BS_manning003/E02020N3739E02658N3366-BS-M732_E02248N3557_D010_S022D50R090_A002108_S017,0.36,3.245048838322593e-09,0.001,0.001,1.652,22.4889,35.5788,35572248,3.0,0.001,1.0,1.1682175817961335e-09,1.8674136321195144e-05,404.0,"35.387,22.392"
E01964N3926E02184N3685-BS-M707_E02016N3760_D010_S337D50R270_A001194_S013,BS_manning003/E01964N3926E02184N3685-BS-M707_E02016N3760_D010_S337D50R270_A001194_S013,0.12,5.436892578572687e-08,0.001,0.001,0.718,20.1689,37.6022,37602016,22.0,0.001,1.0,6.524271094287224e-09,1.8674136321195144e-05,142.0,"37.367,20.082"
E01964N3926E02184N3685-BS-M707_E02040N3737_D010_S157D90R270_A001194_S013,BS_manning003/E01964N3926E02184N3685-BS-M707_E02040N3737_D010_S157D90R270_A001194_S013,0.12,5.6533193592270285e-08,0.001,0.001,0.542,20.4002,37.3774,37372040,20.0,0.001,1.0,6.7839832310724336e-09,1.8674136321195144e-05,142.0,"37.367,20.082"
E01964N3926E02184N3685-BS-M707_E02016N3760_D010_S157D50R090_A001194_S013,BS_manning003/E01964N3926E02184N3685-BS-M707_E02016N3760_D010_S157D50R090_A001194_S013,0.11,1.615912184834081e-07,0.001,0.001,0.864,20.1689,37.6022,37602016,22.0,0.001,1.0,1.7775034033174892e-08,1.8674136321195144e-05,142.0,"37.367,20.082"
E01964N3926E02184N3685-BS-M707_E02016N3760_D010_S337D50R090_A001194_S013,BS_manning003/E01964N3926E02184N3685-BS-M707_E02016N3760_D010_S337D50R090_A001194_S013,0.16,8.767831461435433e-08,0.001,0.001,0.917,20.1689,37.6022,37602016,22.0,0.001,1.0,1.4028530338296694e-08,1.8674136321195144e-05,142.0,"37.367,20.082"
E02020N3739E02658N3366-BS-M754_E02176N3602_D010_S022D50R090_A003524_S022,BS_manning003/E02020N3739E02658N3366-BS-M754_E02176N3602_D010_S022D50R090_A003524_S022,0.58,1.5438541543804504e-09,0.001,0.001,2.59,21.7655,36.0284,36022176,9.0,0.001,1.0,8.954354095406612e-10,1.8674136321195144e-05,412.0,"35.717,21.732"
E02113N3823E02873N3483-BS-M774_E02309N3580_D010_S157D70R270_A005608_S028,BS_manning003/E02113N3823E02873N3483-BS-M774_E02309N3580_D010_S157D70R270_A005608_S028,0.41,2.9509104131140824e-08,0.001,0.001,1.485,23.0983,35.8036,35802309,5.0,0.001,1.0,1.2098732693767737e-08,1.8674136321195144e-05,387.0,"35.717,23.052"
E01964N3926E02184N3685-BS-M680_E02022N3782_D075_S337D30R090_A000638_S009,BS_manning003/E01964N3926E02184N3685-BS-M680_E02022N3782_D075_S337D30R090_A000638_S009,0.05,6.912362692411593e-06,0.001,0.001,0.361,20.221,37.8271,37822022,34.0,0.001,1.0,3.4561813462057964e-07,1.8674136321195144e-05,85.0,"37.697,20.082"
E02020N3739E02658N3366-BS-M732_E02154N3625_D010_S022D50R090_A002108_S017,BS_manning003/E02020N3739E02658N3366-BS-M732_E02154N3625_D010_S022D50R090_A002108_S017,0.28,3.78896490503608e-09,0.001,0.001,1.638,21.5405,36.2533,36252154,8.0,0.001,1.0,1.0609101734101027e-09,1.8674136321195144e-05,372.0,"36.047,21.402"
E01964N3926E02184N3685-BS-M732_E02045N3760_D010_S292D30R090_A002108_S017,BS_manning003/E01964N3926E02184N3685-BS-M732_E02045N3760_D010_S292D30R090_A002108_S017,0.1,9.263577644184032e-07,0.001,0.001,0.578,20.4527,37.6022,37602045,34.0,0.001,1.0,9.263577644184033e-08,1.8674136321195144e-05,222.0,"37.367,20.412"
E01964N3926E02184N3685-BS-M707_E02045N3760_D010_S337D30R090_A001194_S013,BS_manning003/E01964N3926E02184N3685-BS-M707_E02045N3760_D010_S337D30R090_A001194_S013,0.09,3.650657807677334e-07,0.001,0.001,0.609,20.4527,37.6022,37602045,34.0,0.001,1.0,3.285592026909601e-08,1.8674136321195144e-05,222.0,"37.367,20.412"
E02020N3739E02658N3366-BS-M732_E02165N3557_D010_S022D50R090_A002108_S017,BS_manning003/E02020N3739E02658N3366-BS-M732_E02165N3557_D010_S022D50R090_A002108_S017,0.42,2.229141127438291e-09,0.001,0.001,1.961,21.6596,35.5788,35572165,5.0,0.001,1.0,9.362392735240821e-10,1.8674136321195144e-05,304.0,"35.387,21.402"
E01964N3926E02184N3685-BS-M754_E02011N3737_D010_S292D30R090_A003524_S022,BS_manning003/E01964N3926E02184N3685-BS-M754_E02011N3737_D010_S292D30R090_A003524_S022,0.1,8.816459475894772e-08,0.001,0.001,0.833,20.1173,37.3774,37372011,12.0,0.001,1.0,8.816459475894773e-09,1.8674136321195144e-05,142.0,"37.367,20.082"
E02020N3739E02658N3366-BS-M707_E02204N3602_D010_S022D50R090_A001194_S013,BS_manning003/E02020N3739E02658N3366-BS-M707_E02204N3602_D010_S022D50R090_A001194_S013,0.14,2.6107974542967988e-08,0.001,0.001,0.987,22.0435,36.0284,36022204,4.0,0.001,1.0,3.6551164360155185e-09,1.8674136321195144e-05,412.0,"35.717,21.732"
E01964N3926E02184N3685-BS-M732_E02073N3760_D115_S337D30R090_A002108_S017,BS_manning003/E01964N3926E02184N3685-BS-M732_E02073N3760_D115_S337D30R090_A002108_S017,0.13,9.785598651057753e-08,0.001,0.001,0.854,20.7364,37.6022,37602073,16.0,0.001,1.0,1.2721278246375078e-08,1.8674136321195144e-05,222.0,"37.367,20.412"
E01964N3926E02184N3685-BS-M754_E02022N3782_D010_S157D90R270_A003524_S022,BS_manning003/E01964N3926E02184N3685-BS-M754_E02022N3782_D010_S157D90R270_A003524_S022,0.67,2.578219523730583e-09,0.001,0.001,2.697,20.221,37.8271,37822022,34.0,0.001,1.0,1.7274070808994908e-09,1.8674136321195144e-05,85.0,"37.697,20.082"
E02020N3739E02658N3366-BS-M707_E02148N3602_D010_S022D70R090_A001194_S013,BS_manning003/E02020N3739E02658N3366-BS-M707_E02148N3602_D010_S022D70R090_A001194_S013,0.2,5.330913527627536e-09,0.001,0.001,1.247,21.4875,36.0284,36022148,8.0,0.001,1.0,1.0661827055255073e-09,1.8674136321195144e-05,416.0,"35.717,21.402"
E01964N3926E02184N3685-BS-M732_E02022N3782_D010_S157D70R090_A002108_S017,BS_manning003/E01964N3926E02184N3685-BS-M732_E02022N3782_D010_S157D70R090_A002108_S017,0.2,2.43247489609749e-08,0.001,0.001,1.479,20.221,37.8271,37822022,34.0,0.001,1.0,4.86494979219498e-09,1.8674136321195144e-05,85.0,"37.697,20.082"
E02020N3739E02658N3366-BS-M707_E02198N3580_D010_S022D50R090_A001194_S013,BS_manning003/E02020N3739E02658N3366-BS-M707_E02198N3580_D010_S022D50R090_A001194_S013,0.16,2.294749792822277e-08,0.001,0.001,1.074,21.9894,35.8036,35802198,9.0,0.001,1.0,3.671599668515643e-09,1.8674136321195144e-05,412.0,"35.717,21.732"
E01964N3926E02184N3685-BS-M732_E02040N3737_D115_S337D30R090_A002108_S017,BS_manning003/E01964N3926E02184N3685-BS-M732_E02040N3737_D115_S337D30R090_A002108_S017,0.14,1.6317684427152932e-07,0.001,0.001,0.83,20.4002,37.3774,37372040,20.0,0.001,1.0,2.2844758198014108e-08,1.8674136321195144e-05,142.0,"37.367,20.082"
E02020N3739E02658N3366-BS-M754_E02165N3557_D010_S022D50R090_A003524_S022,BS_manning003/E02020N3739E02658N3366-BS-M754_E02165N3557_D010_S022D50R090_A003524_S022,0.76,8.473709747329397e-10,0.001,0.001,3.014,21.6596,35.5788,35572165,5.0,0.001,1.0,6.440019407970342e-10,1.8674136321195144e-05,304.0,"35.387,21.402"
E01964N3926E02184N3685-BS-M732_E02022N3782_D010_S337D50R090_A002108_S017,BS_manning003/E01964N3926E02184N3685-BS-M732_E02022N3782_D010_S337D50R090_A002108_S017,0.34,1.8232430990927052e-08,0.001,0.001,1.639,20.221,37.8271,37822022,34.0,0.001,1.0,6.199026536915198e-09,1.8674136321195144e-05,85.0,"37.697,20.082"
E01964N3926E02184N3685-BS-M754_E02016N3760_D010_S337D30R090_A003524_S022,BS_manning003/E01964N3926E02184N3685-BS-M754_E02016N3760_D010_S337D30R090_A003524_S022,0.33,6.269671654190597e-09,-0.001,-0.001,1.967,20.1689,37.6022,37602016,22.0,0.001,1.0,2.068991645882897e-09,1.8674136321195144e-05,142.0,"37.367,20.082"
E02020N3739E02658N3366-BS-M754_E02271N3535_D010_S022D50R090_A003524_S022,BS_manning003/E02020N3739E02658N3366-BS-M754_E02271N3535_D010_S022D50R090_A003524_S022,0.55,1.5782928685919402e-09,0.001,0.001,1.972,22.7101,35.3539,35352271,3.0,0.001,1.0,8.680610777255672e-10,1.8674136321195144e-05,367.0,"35.057,22.392"
E01964N3926E02184N3685-BS-M707_E02050N3782_D010_S337D30R090_A001194_S013,BS_manning003/E01964N3926E02184N3685-BS-M707_E02050N3782_D010_S337D30R090_A001194_S013,0.1,8.015142645442603e-06,0.001,0.001,0.655,20.5057,37.8271,37822050,19.0,0.001,1.0,8.015142645442603e-07,1.8674136321195144e-05,67.0,"37.697,20.412"
E02020N3739E02658N3366-BS-M732_E02176N3602_D010_S022D50R090_A002108_S017,BS_manning003/E02020N3739E02658N3366-BS-M732_E02176N3602_D010_S022D50R090_A002108_S017,0.33,3.971624389060167e-09,0.001,0.001,1.771,21.7655,36.0284,36022176,9.0,0.001,1.0,1.310636048389855e-09,1.8674136321195144e-05,412.0,"35.717,21.732"
E01964N3926E02184N3685-BS-M707_E02045N3760_D010_S292D30R090_A001194_S013,BS_manning003/E01964N3926E02184N3685-BS-M707_E02045N3760_D010_S292D30R090_A001194_S013,0.07,7.454236299530531e-06,0.001,0.001,0.416,20.4527,37.6022,37602045,34.0,0.001,1.0,5.217965409671372e-07,1.8674136321195144e-05,222.0,"37.367,20.412"
E02020N3739E02658N3366-BS-M707_E02138N3557_D010_S022D50R090_A001194_S013,BS_manning003/E02020N3739E02658N3366-BS-M707_E02138N3557_D010_S022D50R090_A001194_S013,0.2,1.7991111826386222e-08,0.001,0.001,1.263,21.3831,35.5788,35572138,8.0,0.001,1.0,3.5982223652772446e-09,1.8674136321195144e-05,216.0,"35.387,21.072"
E01964N3926E02184N3685-BS-M732_E02073N3760_D010_S337D30R090_A002108_S017,BS_manning003/E01964N3926E02184N3685-BS-M732_E02073N3760_D010_S337D30R090_A002108_S017,0.14,9.785598651057753e-08,0.001,0.001,0.961,20.7364,37.6022,37602073,16.0,0.001,1.0,1.3699838111480855e-08,1.8674136321195144e-05,222.0,"37.367,20.412"
E01964N3926E02184N3685-BS-M732_E02040N3737_D010_S157D90R270_A002108_S017,BS_manning003/E01964N3926E02184N3685-BS-M732_E02040N3737_D010_S157D90R270_A002108_S017,0.25,7.059290313412959e-09,0.001,0.001,1.008,20.4002,37.3774,37372040,20.0,0.001,1.0,1.7648225783532398e-09,1.8674136321195144e-05,142.0,"37.367,20.082"
E01964N3926E02184N3685-BS-M707_E02022N3782_D010_S157D70R090_A001194_S013,BS_manning003/E01964N3926E02184N3685-BS-M707_E02022N3782_D010_S157D70R090_A001194_S013,0.11,1.9440068854506613e-07,0.001,0.001,0.859,20.221,37.8271,37822022,34.0,0.001,1.0,2.1384075739957275e-08,1.8674136321195144e-05,85.0,"37.697,20.082"
E02020N3739E02658N3366-BS-M732_E02198N3580_D010_S022D50R090_A002108_S017,BS_manning003/E02020N3739E02658N3366-BS-M732_E02198N3580_D010_S022D50R090_A002108_S017,0.39,3.3687120785590276e-09,0.001,0.001,1.78,21.9894,35.8036,35802198,9.0,0.001,1.0,1.3137977106380208e-09,1.8674136321195144e-05,412.0,"35.717,21.732"
E01964N3926E02184N3685-BS-M732_E02011N3737_D010_S157D70R090_A002108_S017,BS_manning003/E01964N3926E02184N3685-BS-M732_E02011N3737_D010_S157D70R090_A002108_S017,0.2,1.8940217957067585e-08,0.001,0.001,0.99,20.1173,37.3774,37372011,12.0,0.001,1.0,3.788043591413517e-09,1.8674136321195144e-05,142.0,"37.367,20.082"
E01964N3926E02184N3685-BS-M754_E02040N3737_D010_S337D50R090_A003524_S022,BS_manning003/E01964N3926E02184N3685-BS-M754_E02040N3737_D010_S337D50R090_A003524_S022,0.38,3.8642240322793215e-09,0.001,0.001,1.558,20.4002,37.3774,37372040,20.0,0.001,1.0,1.4684051322661423e-09,1.8674136321195144e-05,142.0,"37.367,20.082"
E02020N3739E02658N3366-BS-M707_E02171N3580_D010_S022D50R090_A001194_S013,BS_manning003/E02020N3739E02658N3366-BS-M707_E02171N3580_D010_S022D50R090_A001194_S013,0.18,2.4724135131282017e-08,0.001,0.001,1.147,21.7122,35.8036,35802171,10.0,0.001,1.0,4.450344323630763e-09,1.8674136321195144e-05,416.0,"35.717,21.402"
E01964N3926E02184N3685-BS-M732_E02050N3782_D010_S157D50R090_A002108_S017,BS_manning003/E01964N3926E02184N3685-BS-M732_E02050N3782_D010_S157D50R090_A002108_S017,0.13,4.12726794640128e-08,0.001,0.001,0.933,20.5057,37.8271,37822050,19.0,0.001,1.0,5.365448330321665e-09,1.8674136321195144e-05,67.0,"37.697,20.412"
E02020N3739E02658N3366-BS-M707_E02176N3602_D010_S202D50R270_A001194_S013,BS_manning003/E02020N3739E02658N3366-BS-M707_E02176N3602_D010_S202D50R270_A001194_S013,0.19,2.4766484365249197e-08,0.001,0.001,0.995,21.7655,36.0284,36022176,9.0,0.001,1.0,4.705632029397347e-09,1.8674136321195144e-05,412.0,"35.717,21.732"
E02020N3739E02658N3366-BS-M754_E02226N3580_D010_S022D50R090_A003524_S022,BS_manning003/E02020N3739E02658N3366-BS-M754_E02226N3580_D010_S022D50R090_A003524_S022,0.5,1.0867277453104006e-09,0.001,0.001,2.345,22.2667,35.8036,35802226,5.0,0.001,1.0,5.433638726552003e-10,1.8674136321195144e-05,373.0,"35.717,22.062"
E01964N3926E02184N3685-BS-M754_E02040N3737_D010_S157D50R090_A003524_S022,BS_manning003/E01964N3926E02184N3685-BS-M754_E02040N3737_D010_S157D50R090_A003524_S022,0.28,7.028408353536482e-09,0.001,0.001,1.714,20.4002,37.3774,37372040,20.0,0.001,1.0,1.967954338990215e-09,1.8674136321195144e-05,142.0,"37.367,20.082"
E01964N3926E02184N3685-BS-M732_E02045N3760_D010_S157D50R270_A002108_S017,BS_manning003/E01964N3926E02184N3685-BS-M732_E02045N3760_D010_S157D50R270_A002108_S017,0.36,1.1310852551863014e-08,0.001,0.001,1.18,20.4527,37.6022,37602045,34.0,0.001,1.0,4.071906918670685e-09,1.8674136321195144e-05,222.0,"37.367,20.412"
E01964N3926E02184N3685-BS-M707_E02040N3737_D094_S337D30R090_A001194_S013,BS_manning003/E01964N3926E02184N3685-BS-M707_E02040N3737_D094_S337D30R090_A001194_S013,0.07,1.3131599323182717e-06,0.001,0.001,0.472,20.4002,37.3774,37372040,20.0,0.001,1.0,9.192119526227903e-08,1.8674136321195144e-05,142.0,"37.367,20.082"
E01964N3926E02184N3685-BS-M754_E02022N3782_D010_S337D50R090_A003524_S022,BS_manning003/E01964N3926E02184N3685-BS-M754_E02022N3782_D010_S337D50R090_A003524_S022,0.57,5.329598903019084e-09,-0.001,-0.001,2.489,20.221,37.8271,37822022,34.0,0.001,1.0,3.037871374720878e-09,1.8674136321195144e-05,85.0,"37.697,20.082"
E02020N3739E02658N3366-BS-M707_E02226N3580_D010_S202D50R270_A001194_S013,BS_manning003/E02020N3739E02658N3366-BS-M707_E02226N3580_D010_S202D50R270_A001194_S013,0.19,1.6829437944435372e-08,0.001,0.001,0.966,22.2667,35.8036,35802226,5.0,0.001,1.0,3.1975932094427205e-09,1.8674136321195144e-05,373.0,"35.717,22.062"
E01964N3926E02184N3685-BS-M707_E02045N3760_D094_S292D30R090_A001194_S013,BS_manning003/E01964N3926E02184N3685-BS-M707_E02045N3760_D094_S292D30R090_A001194_S013,0.07,7.454236299530531e-06,0.001,0.001,0.409,20.4527,37.6022,37602045,34.0,0.001,1.0,5.217965409671372e-07,1.8674136321195144e-05,222.0,"37.367,20.412"
E02020N3739E02658N3366-BS-M707_E02314N3490_D010_S022D50R090_A001194_S013,BS_manning003/E02020N3739E02658N3366-BS-M707_E02314N3490_D010_S022D50R090_A001194_S013,0.1,3.7039891512254426e-08,0.001,0.001,0.553,23.1499,34.9043,34902314,2.0,0.001,1.0,3.7039891512254427e-09,1.8674136321195144e-05,523.0,"34.727,23.052"
E01964N3926E02184N3685-BS-M707_E02016N3760_D010_S157D70R090_A001194_S013,BS_manning003/E01964N3926E02184N3685-BS-M707_E02016N3760_D010_S157D70R090_A001194_S013,0.12,1.1979006802432202e-07,0.001,0.001,0.836,20.1689,37.6022,37602016,22.0,0.001,1.0,1.4374808162918641e-08,1.8674136321195144e-05,142.0,"37.367,20.082"
E02020N3739E02658N3366-BS-M707_E02171N3580_D010_S022D50R270_A001194_S013,BS_manning003/E02020N3739E02658N3366-BS-M707_E02171N3580_D010_S022D50R270_A001194_S013,0.16,4.026019231555188e-08,0.001,0.001,0.774,21.7122,35.8036,35802171,10.0,0.001,1.0,6.4416307704883006e-09,1.8674136321195144e-05,416.0,"35.717,21.402"
E02020N3739E02658N3366-BS-M754_E02133N3535_D010_S022D50R090_A003524_S022,BS_manning003/E02020N3739E02658N3366-BS-M754_E02133N3535_D010_S022D50R090_A003524_S022,0.78,6.060689773264932e-10,0.001,0.001,3.354,21.3318,35.3539,35352133,1.0,0.001,1.0,4.727338023146647e-10,1.8674136321195144e-05,80.0,"35.057,21.072"
E02020N3739E02658N3366-BS-M707_E02154N3625_D010_S022D50R090_A001194_S013,BS_manning003/E02020N3739E02658N3366-BS-M707_E02154N3625_D010_S022D50R090_A001194_S013,0.14,2.6152142744254383e-08,0.001,0.001,1.024,21.5405,36.2533,36252154,8.0,0.001,1.0,3.661299984195614e-09,1.8674136321195144e-05,372.0,"36.047,21.402"
E02020N3739E02658N3366-BS-M732_E02138N3557_D010_S022D50R090_A002108_S017,BS_manning003/E02020N3739E02658N3366-BS-M732_E02138N3557_D010_S022D50R090_A002108_S017,0.4,2.5931137715482468e-09,0.001,0.001,2.074,21.3831,35.5788,35572138,8.0,0.001,1.0,1.0372455086192988e-09,1.8674136321195144e-05,216.0,"35.387,21.072"
E01964N3926E02184N3685-BS-M732_E02068N3737_D010_S157D90R270_A002108_S017,BS_manning003/E01964N3926E02184N3685-BS-M732_E02068N3737_D010_S157D90R270_A002108_S017,0.2,8.966937550875348e-09,0.001,0.001,0.896,20.6831,37.3774,37372068,7.0,0.001,1.0,1.7933875101750697e-09,1.8674136321195144e-05,222.0,"37.367,20.412"
E02020N3739E02658N3366-BS-M707_E02138N3557_D010_S022D50R270_A001194_S013,BS_manning003/E02020N3739E02658N3366-BS-M707_E02138N3557_D010_S022D50R270_A001194_S013,0.16,3.0604683477174214e-08,0.001,0.001,0.874,21.3831,35.5788,35572138,8.0,0.001,1.0,4.8967493563478745e-09,1.8674136321195144e-05,216.0,"35.387,21.072"
E02020N3739E02658N3366-BS-M754_E02192N3670_D010_S157D50R270_A003524_S022,BS_manning003/E02020N3739E02658N3366-BS-M754_E02192N3670_D010_S157D50R270_A003524_S022,0.15,6.081819702399509e-08,0.001,0.001,0.604,21.9289,36.7029,36702192,1.0,0.001,1.0,9.122729553599264e-09,1.8674136321195144e-05,293.0,"36.377,21.732"
E01964N3926E02184N3685-BS-M732_E02050N3782_D010_S337D30R090_A002108_S017,BS_manning003/E01964N3926E02184N3685-BS-M732_E02050N3782_D010_S337D30R090_A002108_S017,0.19,9.96859994905761e-07,0.001,0.001,1.111,20.5057,37.8271,37822050,19.0,0.001,1.0,1.894033990320946e-07,1.8674136321195144e-05,67.0,"37.697,20.412"
E01964N3926E02184N3685-BS-M732_E02040N3737_D010_S157D50R090_A002108_S017,BS_manning003/E01964N3926E02184N3685-BS-M732_E02040N3737_D010_S157D50R090_A002108_S017,0.17,2.4512646867998722e-08,0.001,0.001,0.974,20.4002,37.3774,37372040,20.0,0.001,1.0,4.167149967559783e-09,1.8674136321195144e-05,142.0,"37.367,20.082"
E01964N3926E02184N3685-BS-M732_E02050N3782_D010_S157D90R270_A002108_S017,BS_manning003/E01964N3926E02184N3685-BS-M732_E02050N3782_D010_S157D90R270_A002108_S017,0.36,1.0958822051822756e-08,0.001,0.001,1.234,20.5057,37.8271,37822050,19.0,0.001,1.0,3.945175938656192e-09,1.8674136321195144e-05,67.0,"37.697,20.412"
E02020N3739E02658N3366-BS-M754_E02154N3625_D010_S022D50R270_A003524_S022,BS_manning003/E02020N3739E02658N3366-BS-M754_E02154N3625_D010_S022D50R270_A003524_S022,0.36,2.83979192365735e-09,0.001,0.001,1.586,21.5405,36.2533,36252154,8.0,0.001,1.0,1.0223250925166461e-09,1.8674136321195144e-05,372.0,"36.047,21.402"
E01964N3926E02184N3685-BS-M707_E02022N3782_D010_S157D90R090_A001194_S013,BS_manning003/E01964N3926E02184N3685-BS-M707_E02022N3782_D010_S157D90R090_A001194_S013,0.1,4.1405464337439935e-08,0.001,0.001,0.821,20.221,37.8271,37822022,34.0,0.001,1.0,4.140546433743993e-09,1.8674136321195144e-05,85.0,"37.697,20.082"
E02020N3739E02658N3366-BS-M732_E02154N3625_D010_S022D50R270_A002108_S017,BS_manning003/E02020N3739E02658N3366-BS-M732_E02154N3625_D010_S022D50R270_A002108_S017,0.23,7.447588304918432e-09,0.001,0.001,1.093,21.5405,36.2533,36252154,8.0,0.001,1.0,1.7129453101312394e-09,1.8674136321195144e-05,372.0,"36.047,21.402"
E01964N3926E02184N3685-BS-M754_E02073N3760_D010_S157D50R090_A003524_S022,BS_manning003/E01964N3926E02184N3685-BS-M754_E02073N3760_D010_S157D50R090_A003524_S022,0.21,2.3683133721993884e-08,0.001,0.001,1.351,20.7364,37.6022,37602073,16.0,0.001,1.0,4.9734580816187156e-09,1.8674136321195144e-05,222.0,"37.367,20.412"
E01964N3926E02184N3685-BS-M707_E02045N3760_D010_S337D50R090_A001194_S013,BS_manning003/E01964N3926E02184N3685-BS-M707_E02045N3760_D010_S337D50R090_A001194_S013,0.11,1.7937047244551348e-07,0.001,0.001,0.761,20.4527,37.6022,37602045,34.0,0.001,1.0,1.9730751969006482e-08,1.8674136321195144e-05,222.0,"37.367,20.412"
E01964N3926E02184N3685-BS-M732_E02073N3760_D010_S157D50R090_A002108_S017,BS_manning003/E01964N3926E02184N3685-BS-M732_E02073N3760_D010_S157D50R090_A002108_S017,0.13,8.250095798517099e-08,0.001,0.001,0.975,20.7364,37.6022,37602073,16.0,0.001,1.0,1.072512453807223e-08,1.8674136321195144e-05,222.0,"37.367,20.412"
E02113N3823E02873N3483-BS-M680_E02309N3580_D010_S157D70R270_A000638_S009,BS_manning003/E02113N3823E02873N3483-BS-M680_E02309N3580_D010_S157D70R270_A000638_S009,0.05,9.00445289877745e-06,0.001,0.001,0.403,23.0983,35.8036,35802309,5.0,0.001,1.0,4.502226449388725e-07,1.8674136321195144e-05,387.0,"35.717,23.052"
E01964N3926E02184N3685-BS-M707_E02016N3760_D010_S337D30R090_A001194_S013,BS_manning003/E01964N3926E02184N3685-BS-M707_E02016N3760_D010_S337D30R090_A001194_S013,0.09,1.7762119893624265e-07,0.001,0.001,0.709,20.1689,37.6022,37602016,22.0,0.001,1.0,1.5985907904261837e-08,1.8674136321195144e-05,142.0,"37.367,20.082"
E02020N3739E02658N3366-BS-M707_E02204N3602_D010_S202D50R270_A001194_S013,BS_manning003/E02020N3739E02658N3366-BS-M707_E02204N3602_D010_S202D50R270_A001194_S013,0.15,2.4842382861371264e-08,0.001,0.001,0.888,22.0435,36.0284,36022204,4.0,0.001,1.0,3.72635742920569e-09,1.8674136321195144e-05,412.0,"35.717,21.732"
E02020N3739E02658N3366-BS-M754_E02193N3557_D010_S022D50R090_A003524_S022,BS_manning003/E02020N3739E02658N3366-BS-M754_E02193N3557_D010_S022D50R090_A003524_S022,0.76,7.080409149733266e-10,0.001,0.001,2.788,21.936,35.5788,35572193,3.0,0.001,1.0,5.381110953797283e-10,1.8674136321195144e-05,484.0,"35.387,21.732"
E02113N3823E02873N3483-BS-M707_E02309N3580_D010_S157D70R270_A001194_S013,BS_manning003/E02113N3823E02873N3483-BS-M707_E02309N3580_D010_S157D70R270_A001194_S013,0.11,3.3879995025546174e-06,0.001,0.001,0.66,23.0983,35.8036,35802309,5.0,0.001,1.0,3.7267994528100793e-07,1.8674136321195144e-05,387.0,"35.717,23.052"
E02020N3739E02658N3366-BS-M754_E02138N3557_D010_S022D50R270_A003524_S022,BS_manning003/E02020N3739E02658N3366-BS-M754_E02138N3557_D010_S022D50R270_A003524_S022,0.48,1.5568327759523135e-09,0.001,0.001,2.452,21.3831,35.5788,35572138,8.0,0.001,1.0,7.472797324571105e-10,1.8674136321195144e-05,216.0,"35.387,21.072"
E01964N3926E02184N3685-BS-M732_E02011N3737_D010_S337D50R090_A002108_S017,BS_manning003/E01964N3926E02184N3685-BS-M732_E02011N3737_D010_S337D50R090_A002108_S017,0.19,1.4963683256522054e-08,0.001,0.001,1.201,20.1173,37.3774,37372011,12.0,0.001,1.0,2.8430998187391905e-09,1.8674136321195144e-05,142.0,"37.367,20.082"
E02020N3739E02658N3366-BS-M754_E02138N3557_D010_S022D50R090_A003524_S022,BS_manning003/E02020N3739E02658N3366-BS-M754_E02138N3557_D010_S022D50R090_A003524_S022,0.79,9.555950463771455e-10,0.001,0.001,3.321,21.3831,35.5788,35572138,8.0,0.001,1.0,7.54920086637945e-10,1.8674136321195144e-05,216.0,"35.387,21.072"
E01849N3766E02950N3220-BS-M754_E02110N3557_D010_S022D50R090_A003524_S022,BS_manning003/E01849N3766E02950N3220-BS-M754_E02110N3557_D010_S022D50R090_A003524_S022,0.74,7.112452469219792e-10,0.001,-0.001,3.449,21.1067,35.5788,35572110,3.0,0.001,1.0,5.263214827222646e-10,1.8674136321195144e-05,216.0,"35.387,21.072"
E01964N3926E02184N3685-BS-M732_E02045N3760_D010_S157D50R090_A002108_S017,BS_manning003/E01964N3926E02184N3685-BS-M732_E02045N3760_D010_S157D50R090_A002108_S017,0.24,3.804091687482634e-08,0.001,0.001,1.383,20.4527,37.6022,37602045,34.0,0.001,1.0,9.129820049958321e-09,1.8674136321195144e-05,222.0,"37.367,20.412"
E02020N3739E02658N3366-BS-M732_E02215N3647_D010_S157D50R270_A002108_S017,BS_manning003/E02020N3739E02658N3366-BS-M732_E02215N3647_D010_S157D50R270_A002108_S017,0.11,2.3945801226631096e-07,0.001,0.001,0.564,22.1534,36.4781,36472215,3.0,0.001,1.0,2.6340381349294204e-08,1.8674136321195144e-05,225.0,"36.377,22.062"
E01964N3926E02184N3685-BS-M754_E02045N3760_D010_S157D50R090_A003524_S022,BS_manning003/E01964N3926E02184N3685-BS-M754_E02045N3760_D010_S157D50R090_A003524_S022,0.33,1.0991123754784717e-08,0.001,-0.001,2.046,20.4527,37.6022,37602045,34.0,0.001,1.0,3.6270708390789567e-09,1.8674136321195144e-05,222.0,"37.367,20.412"
E02020N3739E02658N3366-BS-M754_E02154N3625_D010_S202D50R270_A003524_S022,BS_4-8_manning003/E02020N3739E02658N3366-BS-M754_E02154N3625_D010_S202D50R270_A003524_S022,0.53,1.3645849790317174e-09,0.001,0.001,1.917,21.5405,36.2533,36252154,8.0,0.001,1.0,7.232300388868103e-10,1.8674136321195144e-05,372.0,"36.047,21.402"
E02020N3739E02658N3366-BS-M754_E02148N3602_D010_S202D30R270_A003524_S022,BS_4-8_manning003/E02020N3739E02658N3366-BS-M754_E02148N3602_D010_S202D30R270_A003524_S022,0.55,1.1568498933911755e-09,0.001,0.001,1.95,21.4875,36.0284,36022148,8.0,0.001,1.0,6.362674413651466e-10,1.8674136321195144e-05,416.0,"35.717,21.402"
E01964N3926E02184N3685-BS-M754_E02068N3737_D010_S157D90R270_A003524_S022,BS_4-8_manning003/E01964N3926E02184N3685-BS-M754_E02068N3737_D010_S157D90R270_A003524_S022,0.44,2.561580984387722e-09,0.001,0.001,1.445,20.6831,37.3774,37372068,7.0,0.001,1.0,1.1270956331305977e-09,1.8674136321195144e-05,222.0,"37.367,20.412"
E02020N3739E02658N3366-BS-M754_E02131N3647_D010_S022D50R090_A003524_S022,BS_4-8_manning003/E02020N3739E02658N3366-BS-M754_E02131N3647_D010_S022D50R090_A003524_S022,0.42,1.4116559618037615e-09,0.001,0.001,1.987,21.3146,36.4781,36472131,1.0,0.001,1.0,5.928955039575798e-10,1.8674136321195144e-05,372.0,"36.377,21.072"
E02020N3739E02658N3366-BS-M754_E02126N3625_D010_S202D50R270_A003524_S022,BS_4-8_manning003/E02020N3739E02658N3366-BS-M754_E02126N3625_D010_S202D50R270_A003524_S022,0.61,7.57939969704023e-10,0.001,0.001,2.359,21.2617,36.2533,36252126,2.0,0.001,1.0,4.6234338151945405e-10,1.8674136321195144e-05,417.0,"36.047,21.072"
E01964N3926E02184N3685-BS-M774_E02022N3782_D010_S157D90R270_A005608_S028,BS_4-8_manning003/E01964N3926E02184N3685-BS-M774_E02022N3782_D010_S157D90R270_A005608_S028,0.84,1.327576028710409e-10,0.001,0.001,4.264,20.221,37.8271,37822022,34.0,0.001,1.0,1.1151638641167435e-10,1.8674136321195144e-05,85.0,"37.697,20.082"
E02020N3739E02658N3366-BS-M754_E02148N3602_D010_S202D70R270_A003524_S022,BS_4-8_manning003/E02020N3739E02658N3366-BS-M754_E02148N3602_D010_S202D70R270_A003524_S022,0.8,4.75194189615914e-10,0.001,0.001,3.173,21.4875,36.0284,36022148,8.0,0.001,1.0,3.8015535169273126e-10,1.8674136321195144e-05,416.0,"35.717,21.402"
E02020N3739E02658N3366-BS-M754_E02287N3490_D010_S202D50R270_A003524_S022,BS_4-8_manning003/E02020N3739E02658N3366-BS-M754_E02287N3490_D010_S202D50R270_A003524_S022,0.45,1.721869874835199e-09,0.001,0.001,1.618,22.8757,34.9043,34902287,3.0,0.001,1.0,7.748414436758396e-10,1.8674136321195144e-05,574.0,"34.727,22.722"
E02020N3739E02658N3366-BS-M754_E02221N3557_D010_S202D50R270_A003524_S022,BS_4-8_manning003/E02020N3739E02658N3366-BS-M754_E02221N3557_D010_S202D50R270_A003524_S022,0.73,7.252453511614881e-10,0.001,0.001,2.455,22.2124,35.5788,35572221,3.0,0.001,1.0,5.294291063478863e-10,1.8674136321195144e-05,406.0,"35.387,22.062"
E02020N3739E02658N3366-BS-M754_E02243N3535_D010_S022D50R270_A003524_S022,BS_4-8_manning003/E02020N3739E02658N3366-BS-M754_E02243N3535_D010_S022D50R270_A003524_S022,0.48,2.401834495473255e-09,0.001,0.001,1.72,22.4345,35.3539,35352243,3.0,0.001,1.0,1.1528805578271622e-09,1.8674136321195144e-05,367.0,"35.057,22.392"
E02020N3739E02658N3366-BS-M754_E02160N3535_D010_S022D50R090_A003524_S022,BS_4-8_manning003/E02020N3739E02658N3366-BS-M754_E02160N3535_D010_S022D50R090_A003524_S022,0.77,5.806332590822082e-10,0.001,0.001,2.893,21.6075,35.3539,35352160,2.0,0.001,1.0,4.4708760949330034e-10,1.8674136321195144e-05,260.0,"35.057,21.402"
E02020N3739E02658N3366-BS-M754_E02148N3602_D010_S022D50R270_A003524_S022,BS_4-8_manning003/E02020N3739E02658N3366-BS-M754_E02148N3602_D010_S022D50R270_A003524_S022,0.46,2.00835428380669e-09,0.001,0.001,1.873,21.4875,36.0284,36022148,8.0,0.001,1.0,9.238429705510775e-10,1.8674136321195144e-05,416.0,"35.717,21.402"
E02020N3739E02658N3366-BS-M754_E02171N3580_D010_S202D70R270_A003524_S022,BS_4-8_manning003/E02020N3739E02658N3366-BS-M754_E02171N3580_D010_S202D70R270_A003524_S022,0.91,5.329960345133476e-10,0.001,0.001,3.253,21.7122,35.8036,35802171,10.0,0.001,1.0,4.850263914071463e-10,1.8674136321195144e-05,416.0,"35.717,21.402"
E01964N3926E02184N3685-BS-M754_E02016N3760_D010_S157D90R270_A003524_S022,BS_4-8_manning003/E01964N3926E02184N3685-BS-M754_E02016N3760_D010_S157D90R270_A003524_S022,0.66,1.5834378760340666e-09,0.001,0.001,2.382,20.1689,37.6022,37602016,22.0,0.001,1.0,1.0450689981824839e-09,1.8674136321195144e-05,142.0,"37.367,20.082"
E02020N3739E02658N3366-BS-M754_E02176N3602_D010_S202D50R270_A003524_S022,BS_4-8_manning003/E02020N3739E02658N3366-BS-M754_E02176N3602_D010_S202D50R270_A003524_S022,0.58,1.3874730591820831e-09,0.001,0.001,2.272,21.7655,36.0284,36022176,9.0,0.001,1.0,8.047343743256081e-10,1.8674136321195144e-05,412.0,"35.717,21.732"
E02020N3739E02658N3366-BS-M754_E02165N3557_D010_S022D50R270_A003524_S022,BS_4-8_manning003/E02020N3739E02658N3366-BS-M754_E02165N3557_D010_S022D50R270_A003524_S022,0.51,1.4448551732592203e-09,0.001,0.001,2.079,21.6596,35.5788,35572165,5.0,0.001,1.0,7.368761383622024e-10,1.8674136321195144e-05,304.0,"35.387,21.402"
E02020N3739E02658N3366-BS-M754_E02204N3602_D010_S022D50R270_A003524_S022,BS_4-8_manning003/E02020N3739E02658N3366-BS-M754_E02204N3602_D010_S022D50R270_A003524_S022,0.32,2.4444993172606304e-09,0.001,0.001,1.61,22.0435,36.0284,36022204,4.0,0.001,1.0,7.822397815234017e-10,1.8674136321195144e-05,412.0,"35.717,21.732"
E02020N3739E02658N3366-BS-M754_E02243N3535_D010_S202D50R270_A003524_S022,BS_4-8_manning003/E02020N3739E02658N3366-BS-M754_E02243N3535_D010_S202D50R270_A003524_S022,0.65,1.1408163196883878e-09,0.001,0.001,1.987,22.4345,35.3539,35352243,3.0,0.001,1.0,7.415306077974521e-10,1.8674136321195144e-05,367.0,"35.057,22.392"
E01964N3926E02184N3685-BS-M774_E02022N3782_D010_S337D50R090_A005608_S028,BS_4-8_manning003/E01964N3926E02184N3685-BS-M774_E02022N3782_D010_S337D50R090_A005608_S028,0.96,2.8625707345484047e-10,-0.001,-0.001,4.018,20.221,37.8271,37822022,34.0,0.001,1.0,2.7480679051664685e-10,1.8674136321195144e-05,85.0,"37.697,20.082"
E02020N3739E02658N3366-BS-M754_E02143N3580_D010_S202D50R270_A003524_S022,BS_4-8_manning003/E02020N3739E02658N3366-BS-M754_E02143N3580_D010_S202D50R270_A003524_S022,0.79,7.629348603576478e-10,0.001,0.001,3.049,21.435,35.8036,35802143,7.0,0.001,1.0,6.027185396825418e-10,1.8674136321195144e-05,416.0,"35.717,21.402"
E01964N3926E02184N3685-BS-M754_E02040N3737_D010_S157D90R270_A003524_S022,BS_4-8_manning003/E01964N3926E02184N3685-BS-M754_E02040N3737_D010_S157D90R270_A003524_S022,0.5,2.0746501721900734e-09,0.001,0.001,1.896,20.4002,37.3774,37372040,20.0,0.001,1.0,1.0373250860950367e-09,1.8674136321195144e-05,142.0,"37.367,20.082"
E02020N3739E02658N3366-BS-M754_E02198N3580_D010_S022D50R270_A003524_S022,BS_4-8_manning003/E02020N3739E02658N3366-BS-M754_E02198N3580_D010_S022D50R270_A003524_S022,0.47,2.222066107845684e-09,0.001,0.001,1.797,21.9894,35.8036,35802198,9.0,0.001,1.0,1.0443710706874715e-09,1.8674136321195144e-05,412.0,"35.717,21.732"
E01964N3926E02184N3685-BS-M754_E02011N3737_D010_S157D90R270_A003524_S022,BS_4-8_manning003/E01964N3926E02184N3685-BS-M754_E02011N3737_D010_S157D90R270_A003524_S022,0.59,1.113945292697645e-09,0.001,0.001,1.981,20.1173,37.3774,37372011,12.0,0.001,1.0,6.572277226916105e-10,1.8674136321195144e-05,142.0,"37.367,20.082"
E02020N3739E02658N3366-BS-M754_E02215N3535_D010_S202D50R270_A003524_S022,BS_4-8_manning003/E02020N3739E02658N3366-BS-M754_E02215N3535_D010_S202D50R270_A003524_S022,0.7,7.896627819276476e-10,0.001,0.001,2.167,22.1588,35.3539,35352215,3.0,0.001,1.0,5.527639473493533e-10,1.8674136321195144e-05,720.0,"35.057,22.062"
E01964N3926E02184N3685-BS-M792_E02022N3782_D010_S337D30R090_A008541_S034,BS_4-8_manning003/E01964N3926E02184N3685-BS-M792_E02022N3782_D010_S337D30R090_A008541_S034,1.02,1.6577611774524584e-10,-0.002,-0.002,4.137,20.221,37.8271,37822022,34.0,0.002,1.0,1.6909164010015076e-10,1.8674136321195144e-05,85.0,"37.697,20.082"
E02020N3739E02658N3366-BS-M754_E02193N3557_D010_S022D50R270_A003524_S022,BS_4-8_manning003/E02020N3739E02658N3366-BS-M754_E02193N3557_D010_S022D50R270_A003524_S022,0.52,1.170599286023296e-09,0.001,0.001,1.937,21.936,35.5788,35572193,3.0,0.001,1.0,6.087116287321139e-10,1.8674136321195144e-05,484.0,"35.387,21.732"
E02020N3739E02658N3366-BS-M754_E02198N3580_D010_S202D70R270_A003524_S022,BS_4-8_manning003/E02020N3739E02658N3366-BS-M754_E02198N3580_D010_S202D70R270_A003524_S022,0.76,5.540549257473909e-10,0.001,0.001,2.797,21.9894,35.8036,35802198,9.0,0.001,1.0,4.2108174356801706e-10,1.8674136321195144e-05,412.0,"35.717,21.732"
E02020N3739E02658N3366-BS-M754_E02221N3557_D010_S202D70R270_A003524_S022,BS_4-8_manning003/E02020N3739E02658N3366-BS-M754_E02221N3557_D010_S202D70R270_A003524_S022,0.83,3.4628022865523987e-10,0.001,0.001,2.848,22.2124,35.5788,35572221,3.0,0.001,1.0,2.8741258978384907e-10,1.8674136321195144e-05,406.0,"35.387,22.062"
E02020N3739E02658N3366-BS-M754_E02138N3557_D010_S202D70R270_A003524_S022,BS_4-8_manning003/E02020N3739E02658N3366-BS-M754_E02138N3557_D010_S202D70R270_A003524_S022,0.86,4.193920829845979e-10,0.001,0.001,3.879,21.3831,35.5788,35572138,8.0,0.001,1.0,3.606771913667542e-10,1.8674136321195144e-05,216.0,"35.387,21.072"
E02020N3739E02658N3366-BS-M754_E02138N3557_D010_S202D50R270_A003524_S022,BS_4-8_manning003/E02020N3739E02658N3366-BS-M754_E02138N3557_D010_S202D50R270_A003524_S022,0.84,9.57618691905296e-10,0.001,0.001,3.182,21.3831,35.5788,35572138,8.0,0.001,1.0,8.043997012004486e-10,1.8674136321195144e-05,216.0,"35.387,21.072"
E02020N3739E02658N3366-BS-M754_E02148N3602_D010_S202D50R270_A003524_S022,BS_4-8_manning003/E02020N3739E02658N3366-BS-M754_E02148N3602_D010_S202D50R270_A003524_S022,0.71,1.0255059743007814e-09,0.001,0.001,2.71,21.4875,36.0284,36022148,8.0,0.001,1.0,7.281092417535548e-10,1.8674136321195144e-05,416.0,"35.717,21.402"
E02020N3739E02658N3366-BS-M754_E02143N3580_D010_S202D70R270_A003524_S022,BS_4-8_manning003/E02020N3739E02658N3366-BS-M754_E02143N3580_D010_S202D70R270_A003524_S022,0.92,4.359531999528191e-10,0.001,0.001,3.57,21.435,35.8036,35802143,7.0,0.001,1.0,4.0107694395659356e-10,1.8674136321195144e-05,416.0,"35.717,21.402"
E02020N3739E02658N3366-BS-M754_E02193N3557_D010_S202D50R270_A003524_S022,BS_4-8_manning003/E02020N3739E02658N3366-BS-M754_E02193N3557_D010_S202D50R270_A003524_S022,0.77,5.713966555909247e-10,0.001,0.001,2.664,21.936,35.5788,35572193,3.0,0.001,1.0,4.3997542480501203e-10,1.8674136321195144e-05,484.0,"35.387,21.732"
E01964N3926E02184N3685-BS-M754_E02016N3760_D010_S157D50R270_A003524_S022,BS_4-8_manning003/E01964N3926E02184N3685-BS-M754_E02016N3760_D010_S157D50R270_A003524_S022,0.58,1.6233591415376506e-09,0.001,0.001,2.155,20.1689,37.6022,37602016,22.0,0.001,1.0,9.415483020918372e-10,1.8674136321195144e-05,142.0,"37.367,20.082"
E02020N3739E02658N3366-BS-M754_E02171N3580_D010_S202D30R270_A003524_S022,BS_4-8_manning003/E02020N3739E02658N3366-BS-M754_E02171N3580_D010_S202D30R270_A003524_S022,0.56,1.4249435515457346e-09,0.001,0.001,2.013,21.7122,35.8036,35802171,10.0,0.001,1.0,7.979683888656114e-10,1.8674136321195144e-05,416.0,"35.717,21.402"
E02020N3739E02658N3366-BS-M754_E02293N3512_D010_S022D50R270_A003524_S022,BS_4-8_manning003/E02020N3739E02658N3366-BS-M754_E02293N3512_D010_S022D50R270_A003524_S022,0.39,2.521261663350394e-09,0.001,0.001,1.303,22.9305,35.1291,35122293,1.0,0.001,1.0,9.832920487066537e-10,1.8674136321195144e-05,437.0,"35.057,22.722"
E02020N3739E02658N3366-BS-M754_E02215N3535_D010_S022D50R270_A003524_S022,BS_4-8_manning003/E02020N3739E02658N3366-BS-M754_E02215N3535_D010_S022D50R270_A003524_S022,0.5,1.4057096614136523e-09,0.001,0.001,1.823,22.1588,35.3539,35352215,3.0,0.001,1.0,7.028548307068262e-10,1.8674136321195144e-05,720.0,"35.057,22.062"
E01849N3766E02950N3220-BS-M754_E02110N3557_D010_S202D50R270_A003524_S022,BS_4-8_manning003/E01849N3766E02950N3220-BS-M754_E02110N3557_D010_S202D50R270_A003524_S022,0.82,5.24846074325712e-10,0.001,0.001,3.647,21.1067,35.5788,35572110,3.0,0.001,1.0,4.303737809470838e-10,1.8674136321195144e-05,216.0,"35.387,21.072"
E02020N3739E02658N3366-BS-M754_E02171N3580_D010_S202D50R270_A003524_S022,BS_4-8_manning003/E02020N3739E02658N3366-BS-M754_E02171N3580_D010_S202D50R270_A003524_S022,0.76,1.0769699755433851e-09,0.001,0.001,2.808,21.7122,35.8036,35802171,10.0,0.001,1.0,8.184971814129727e-10,1.8674136321195144e-05,416.0,"35.717,21.402"
E02020N3739E02658N3366-BS-M754_E02248N3557_D010_S022D50R270_A003524_S022,BS_4-8_manning003/E02020N3739E02658N3366-BS-M754_E02248N3557_D010_S022D50R270_A003524_S022,0.42,2.237428460472258e-09,0.001,0.001,1.659,22.4889,35.5788,35572248,3.0,0.001,1.0,9.397199533983484e-10,1.8674136321195144e-05,404.0,"35.387,22.392"
E01964N3926E02184N3685-BS-M754_E02022N3782_D010_S157D50R270_A003524_S022,BS_4-8_manning003/E01964N3926E02184N3685-BS-M754_E02022N3782_D010_S157D50R270_A003524_S022,0.49,2.7229211489964023e-09,0.001,0.001,2.146,20.221,37.8271,37822022,34.0,0.001,1.0,1.3342313630082372e-09,1.8674136321195144e-05,85.0,"37.697,20.082"
E02020N3739E02658N3366-BS-M754_E02143N3580_D010_S202D30R270_A003524_S022,BS_4-8_manning003/E02020N3739E02658N3366-BS-M754_E02143N3580_D010_S202D30R270_A003524_S022,0.58,1.024287479471644e-09,0.001,0.001,2.213,21.435,35.8036,35802143,7.0,0.001,1.0,5.940867380935535e-10,1.8674136321195144e-05,416.0,"35.717,21.402"
E02020N3739E02658N3366-BS-M754_E02176N3602_D010_S022D70R090_A003524_S022,BS_4-8_manning003/E02020N3739E02658N3366-BS-M754_E02176N3602_D010_S022D70R090_A003524_S022,0.68,3.9470139165850357e-10,0.001,0.001,2.805,21.7655,36.0284,36022176,9.0,0.001,1.0,2.683969463277824e-10,1.8674136321195144e-05,412.0,"35.717,21.732"
E02020N3739E02658N3366-BS-M754_E02271N3535_D010_S022D50R270_A003524_S022,BS_4-8_manning003/E02020N3739E02658N3366-BS-M754_E02271N3535_D010_S022D50R270_A003524_S022,0.41,2.892216817406621e-09,0.001,0.001,1.377,22.7101,35.3539,35352271,3.0,0.001,1.0,1.1858088951367146e-09,1.8674136321195144e-05,367.0,"35.057,22.392"
E02020N3739E02658N3366-BS-M754_E02198N3580_D010_S202D50R270_A003524_S022,BS_4-8_manning003/E02020N3739E02658N3366-BS-M754_E02198N3580_D010_S202D50R270_A003524_S022,0.68,1.1076123572257171e-09,0.001,0.001,2.414,21.9894,35.8036,35802198,9.0,0.001,1.0,7.531764029134877e-10,1.8674136321195144e-05,412.0,"35.717,21.732"
E02020N3739E02658N3366-BS-M754_E02165N3557_D010_S202D50R270_A003524_S022,BS_4-8_manning003/E02020N3739E02658N3366-BS-M754_E02165N3557_D010_S202D50R270_A003524_S022,0.81,8.116212560303054e-10,0.001,0.001,2.912,21.6596,35.5788,35572165,5.0,0.001,1.0,6.574132173845474e-10,1.8674136321195144e-05,304.0,"35.387,21.402"
E01964N3926E02184N3685-BS-M754_E02045N3760_D010_S337D70R090_A003524_S022,BS_4-8_manning003/E01964N3926E02184N3685-BS-M754_E02045N3760_D010_S337D70R090_A003524_S022,0.49,8.630953557719306e-10,0.001,0.001,2.224,20.4527,37.6022,37602045,34.0,0.001,1.0,4.2291672432824597e-10,1.8674136321195144e-05,222.0,"37.367,20.412"
E02020N3739E02658N3366-BS-M754_E02154N3625_D010_S202D70R270_A003524_S022,BS_4-8_manning003/E02020N3739E02658N3366-BS-M754_E02154N3625_D010_S202D70R270_A003524_S022,0.56,6.421323772586078e-10,0.001,0.001,2.284,21.5405,36.2533,36252154,8.0,0.001,1.0,3.595941312648204e-10,1.8674136321195144e-05,372.0,"36.047,21.402"
