,Train_size,RP,Site,True,Pred,Bias,Pred_low,Pred_high,Sigma
0,228,1000.0,1,0.0,0.0,0.0,0.00997526632378228,0.0,0.00249381658094557
1,228,10000.0,1,0.0,0.0,0.0,0.3088067313823914,0.0,0.07720168284559785
2,228,100000.0,1,0.935136269438345,0.8878506939909152,-0.04728557544742984,1.4150623783002028,0.44264523197508004,0.2431042865812807
3,228,1000000.0,1,3.6790206118969158,3.685068811437904,0.006048199540988453,5.541122126519052,1.9897986062532715,0.8878308800664451
4,228,10000000.0,1,7.191610864315678,7.769752629111501,0.5781417647958227,10.758179826286845,4.926289513802529,1.457972578121079
5,228,100000000.0,1,9.2129017221681,9.87115369846191,0.6582519762938102,13.012113073384791,6.723289256552952,1.5722059542079598
6,228,1000000000.0,1,10.56025115111922,10.677924236170275,0.11767308505105589,14.349760154129255,6.996083315710046,1.8384192096048022
7,228,1000.0,2,0.0,0.4940344654428131,0.4940344654428131,0.857987653755738,0.12885185498354185,0.18228394969304906
8,228,10000.0,2,2.3625700055125134,2.3915177736593414,0.02894776814682798,2.881898959408217,1.9099182432036004,0.24299517905115414
9,228,100000.0,2,3.6976422985458473,3.9006390246262854,0.20299672608043817,4.509322645575103,3.32772367408542,0.29539974287242066
10,228,1000000.0,2,4.750009408662028,5.027271576292155,0.277262167630127,5.9862724984092806,4.1899503129751166,0.449080546358541
11,228,10000000.0,2,5.884901235129102,5.740878423321229,-0.14402281180787302,7.343907857078281,4.62236350462064,0.6803860881144101
12,228,100000000.0,2,6.658851510462244,6.359366538570798,-0.2994849718914461,8.225071564544631,4.996811210812688,0.8070650884329857
13,228,1000000000.0,2,7.6065282620943995,6.840162815099907,-0.7663654469944925,9.200331476318658,5.291861052499644,0.9771176059547535
14,228,1000.0,3,0.0,0.0,0.0,0.044051530719605776,0.0,0.011012882679901444
15,228,10000.0,3,0.3369153710234869,0.3975747602236161,0.0606593892001292,0.777176949200202,0.0,0.1942942373000505
16,228,100000.0,3,1.1357483244003712,1.090645835745054,-0.0451024886553173,1.486585339156856,0.717855539089399,0.19218245001686424
17,228,1000000.0,3,2.459920202302472,2.822589486287955,0.36266928398548304,3.8015585735990713,1.866988039429324,0.48364263354243686
18,228,10000000.0,3,4.3939462927390185,4.442940903310637,0.04899461057161858,6.195670997279627,3.114162923496953,0.7703770184456684
19,228,100000000.0,3,5.974077437641258,5.51465338169733,-0.459424055943928,7.267917723054837,3.856004250784084,0.8529783680676882
20,228,1000000000.0,3,5.982100089937212,5.541022535151244,-0.4410775547859682,7.422993684219684,3.940112129204465,0.8707203887538049
21,228,1000.0,4,0.0,0.0,0.0,0.10693600022016742,0.0,0.026734000055041854
22,228,10000.0,4,0.5825024936169365,0.5951020694487827,0.012599575831846233,1.0788594909574571,0.053543773355968285,0.2563289294003722
23,228,100000.0,4,1.9174936050796756,1.8158490682065394,-0.10164453687313624,2.611174933354093,1.165008461523838,0.3615416179575637
24,228,1000000.0,4,4.125729981998563,3.727372456581023,-0.39835752541754,4.917810866795788,2.613059049517367,0.5761879543196053
25,228,10000000.0,4,6.381637621635928,6.273474142712093,-0.10816347892383504,8.126646383158002,4.463885084637806,0.915690324630049
26,228,100000000.0,4,7.106303485954495,7.003643488185363,-0.10265999776913226,9.556907871482982,4.9013712236547615,1.1638841619570552
27,228,1000000000.0,4,7.767246450560196,7.07945374482567,-0.6877927057345268,10.04376923183738,5.385277913008696,1.1646228297071712
28,550,1000.0,1,0.0,0.0,0.0,0.014653016296322121,0.0,0.0036632540740805302
29,550,10000.0,1,0.0,0.0,0.0,0.14641208090288488,0.0,0.03660302022572122
30,550,100000.0,1,0.935136269438345,0.9564112784537252,0.021275009015380153,1.69328366230555,0.3869988106518187,0.32657121291343283
31,550,1000000.0,1,3.6790206118969158,3.5560670419043783,-0.12295356999253748,4.71938232066469,2.4601045140512063,0.5648194516533709
32,550,10000000.0,1,7.191610864315678,6.825093910661717,-0.36651695365396186,9.134858475280035,4.433940898861035,1.17522939410475
33,550,100000000.0,1,9.2129017221681,9.541387014623918,0.32848529245581837,13.722714164272713,5.935857499023571,1.9467141663122853
34,550,1000000000.0,1,10.56025115111922,10.316866738189809,-0.2433844129294105,13.92312745406024,7.705561085363395,1.554391592174211
35,550,1000.0,2,0.0,0.3346834711458055,0.3346834711458055,0.8355183104502476,0.0,0.2088795776125619
36,550,10000.0,2,2.3625700055125134,2.5696149407167397,0.2070449352042263,2.955592766173801,2.204539375671232,0.18776334762564229
37,550,100000.0,2,3.6976422985458473,3.9743927231566434,0.27675042461079613,4.359922889368792,3.6251566774920008,0.1836915529691978
38,550,1000000.0,2,4.750009408662028,5.118039640465697,0.3680302318036688,5.713399744060603,4.49777393928029,0.3039064511950784
39,550,10000000.0,2,5.884901235129102,6.397213433344295,0.5123121982151932,7.32505140263184,5.5343371082422825,0.4476785735973894
40,550,100000000.0,2,6.658851510462244,7.279066757800443,0.6202152473381988,8.289875829539348,6.265998140908767,0.5059694221576452
41,550,1000000000.0,2,7.6065282620943995,7.332769657314003,-0.2737586047803964,8.611223975199882,6.492369568703088,0.5297136016241986
42,550,1000.0,3,0.0,0.0,0.0,0.009952939414664902,0.0,0.0024882348536662256
43,550,10000.0,3,0.3369153710234869,0.4054830347175728,0.0685676636940859,0.7404316100524944,0.07248651659020115,0.1669862733655733
44,550,100000.0,3,1.1357483244003712,1.0790400410723997,-0.05670828332797151,1.3706476612118923,0.8197441969245851,0.1377258660718268
45,550,1000000.0,3,2.459920202302472,2.7783779653070213,0.3184577630045493,3.372787439254841,2.1728906199746296,0.2999742048200529
46,550,10000000.0,3,4.3939462927390185,4.479983529505026,0.08603723676600783,5.532739950077975,3.4314899305928006,0.5253125048712936
47,550,100000000.0,3,5.974077437641258,5.248978140303985,-0.7250992973372732,6.450135958695904,4.2441641103146965,0.551492962095302
48,550,1000000000.0,3,5.982100089937212,5.351495178994973,-0.6306049109422389,6.572322617707632,4.330440968761074,0.5604704122366395
49,550,1000.0,4,0.0,0.0,0.0,0.07876212043164384,0.0,0.01969053010791096
50,550,10000.0,4,0.5825024936169365,0.6303851964651116,0.047882702848175085,1.1375639377576259,0.12497135026294046,0.2531481468736714
51,550,100000.0,4,1.9174936050796756,2.148419341822662,0.23092573674298622,2.927017904175271,1.5041568720733023,0.35571525802549214
52,550,1000000.0,4,4.125729981998563,4.446897075592733,0.32116709359416973,5.391193679323714,3.4932634858233773,0.4744825483750842
53,550,10000000.0,4,6.381637621635928,6.895135842173073,0.5134982205371452,8.717598595334984,5.573659603168308,0.7859847480416688
54,550,100000000.0,4,7.106303485954495,8.022121480883717,0.9158179949292222,9.7340100881501,6.246712739380947,0.8718243371922882
55,550,1000000000.0,4,7.767246450560196,8.4923882672735,0.725141816713303,10.963623885082404,6.692603449632625,1.0677551088624446
56,961,1000.0,1,0.0,0.0,0.0,0.01765527181383979,0.0,0.004413817953459948
57,961,10000.0,1,0.0,0.0,0.0,0.04951798980327714,0.0,0.012379497450819284
58,961,100000.0,1,0.935136269438345,0.9419079529127458,0.006771683474400714,1.4580526790575459,0.5098915580588969,0.23704028024966226
59,961,1000000.0,1,3.6790206118969158,3.8303607040490397,0.15134009215212396,4.936211260245185,2.9280548757376623,0.5020390961268806
60,961,10000000.0,1,7.191610864315678,7.054485533762344,-0.1371253305533342,8.122530580715042,5.907190871032049,0.5538349274207481
61,961,100000000.0,1,9.2129017221681,9.721477059646428,0.5085753374783284,11.052142392312762,8.380806724478845,0.6678339169584793
62,961,1000000000.0,1,10.56025115111922,10.807989268686534,0.24773811756731412,11.948559553829105,9.657413981042712,0.5727863931965982
63,961,1000.0,2,0.0,0.3735914041671361,0.3735914041671361,0.8009207400063535,0.0,0.20023018500158837
64,961,10000.0,2,2.3625700055125134,2.5176540207786693,0.1550840152661559,2.813695288630757,2.2462379483132766,0.14186433507937013
65,961,100000.0,2,3.6976422985458473,3.964910769857635,0.2672684713117879,4.264449235240283,3.671378470143941,0.14826769127408557
66,961,1000000.0,2,4.750009408662028,4.934661793346513,0.18465238468448497,5.4384320072566785,4.540756157033796,0.2244189625557207
67,961,10000000.0,2,5.884901235129102,5.720039220194583,-0.1648620149345188,6.456243904212222,5.171122757276474,0.32128028673393705
68,961,100000000.0,2,6.658851510462244,6.634648702025987,-0.024202808436257328,7.3528396476032425,5.739561340705547,0.403319576724424
69,961,1000000000.0,2,7.6065282620943995,6.772509638738105,-0.8340186233562941,7.789928824200981,6.189258545760498,0.4001675696101208
70,961,1000.0,3,0.0,0.0,0.0,0.009943740317739288,0.0,0.002485935079434822
71,961,10000.0,3,0.3369153710234869,0.41516043281709825,0.07824506179361135,0.702715029836278,0.1368003660112883,0.14147866595624742
72,961,100000.0,3,1.1357483244003712,1.137959961912364,0.0022116375119927145,1.3867064035036465,0.9084492995039822,0.11956427599991606
73,961,1000000.0,3,2.459920202302472,2.6117099783428346,0.1517897760403626,3.143592655388458,2.1383542362633294,0.25130960478128217
74,961,10000000.0,3,4.3939462927390185,4.213859651141781,-0.18008664159723775,5.158560744701219,3.4467033090489765,0.4279643589130607
75,961,100000000.0,3,5.974077437641258,5.543863302942192,-0.43021413469906555,7.744963853217329,4.042038914461117,0.9257312346890529
76,961,1000000000.0,3,5.982100089937212,5.55189310947544,-0.4302069804617723,7.752993659750578,4.17374356555284,0.8948125235494344
77,961,1000.0,4,0.0,0.0,0.0,0.052396372296849486,0.0,0.013099093074212372
78,961,10000.0,4,0.5825024936169365,0.5961492730934235,0.013646779476486959,0.9800011872544951,0.21755159782952815,0.19061239735624175
79,961,100000.0,4,1.9174936050796756,2.1761147022858727,0.2586210972061971,2.793220399780795,1.5828547324185862,0.3025914168405522
80,961,1000000.0,4,4.125729981998563,4.173925964498317,0.04819598249975421,5.095227896604904,3.3572258311516094,0.43450051636332354
81,961,10000000.0,4,6.381637621635928,6.373270332233485,-0.008367289402443134,7.308692291900725,5.504375276952408,0.45107925373707913
82,961,100000000.0,4,7.106303485954495,7.4010702110553215,0.2947667251008266,8.353429166062266,6.290514933416502,0.515728558161441
83,961,1000000000.0,4,7.767246450560196,7.58308679736642,-0.18415965319377658,8.781309017721144,6.752951045492579,0.5070894930571412
84,1773,1000.0,1,0.0,0.0,0.0,0.02715156069294186,0.0,0.006787890173235465
85,1773,10000.0,1,0.0,0.0,0.0,0.08450565699939816,0.0,0.02112641424984954
86,1773,100000.0,1,0.935136269438345,0.9033645303559954,-0.03177173908234965,1.3346893718444588,0.5012381400036645,0.20836280796019857
87,1773,1000000.0,1,3.6790206118969158,3.7791065274372047,0.1000859155402889,4.812586911580658,2.936340682560404,0.4690615572550634
88,1773,10000000.0,1,7.191610864315678,7.151623396184458,-0.039987468131220005,8.011821339778951,6.186624902894906,0.45629910922101136
89,1773,100000000.0,1,9.2129017221681,9.821828944076275,0.6089272219081749,11.812028226605753,7.8308334463274,0.9952986950695881
90,1773,1000000000.0,1,10.56025115111922,10.88802928869654,0.32777813757732055,12.518844696400391,9.257213880992687,0.8154077038519261
91,1773,1000.0,2,0.0,0.21151803047713072,0.21151803047713072,0.6135433035384767,0.0,0.1533858258846192
92,1773,10000.0,2,2.3625700055125134,2.4971158986269013,0.13454589311438792,2.7828703146901557,2.2344371988296947,0.13710827896511524
93,1773,100000.0,2,3.6976422985458473,3.8833553811715764,0.18571308262572916,4.127446504429847,3.654862736088256,0.11814594208539775
94,1773,1000000.0,2,4.750009408662028,4.877097594171332,0.12708818550930356,5.2241169682937025,4.474918714257307,0.18729956350909882
95,1773,10000000.0,2,5.884901235129102,5.841332813790464,-0.04356842133863825,6.498934672248129,5.256180580204857,0.31068852301081806
96,1773,100000000.0,2,6.658851510462244,6.643697008060072,-0.015154502402172199,7.301791903115822,5.9315291774558,0.34256568141500554
97,1773,1000000000.0,2,7.6065282620943995,6.982786647291382,-0.6237416148030173,7.780808767596081,6.422314429700196,0.33962358447397123
98,1773,1000.0,3,0.0,0.0,0.0,0.009930401321475216,0.0,0.002482600330368804
99,1773,10000.0,3,0.3369153710234869,0.3898742411105201,0.052958870087033205,0.606116438810693,0.15940770181165625,0.11167718424975918
100,1773,100000.0,3,1.1357483244003712,1.1203308794962377,-0.015417444904133548,1.3454560566580072,0.9091771847841814,0.10906971796845644
101,1773,1000000.0,3,2.459920202302472,2.6078895195251377,0.1479693172226657,3.035315209078475,2.170580045690044,0.21618379084710782
102,1773,10000000.0,3,4.3939462927390185,4.336857689762616,-0.05708860297640239,5.0811530486258585,3.618804628463279,0.36558710504064484
103,1773,100000000.0,3,5.974077437641258,5.253718230405924,-0.720359207235334,7.284733738159801,4.2577070872205764,0.7567566627348061
104,1773,1000000000.0,3,5.982100089937212,5.261748036939172,-0.7203520529980407,7.292763544693049,4.479984608911661,0.703194733945347
105,1773,1000.0,4,0.0,0.0,0.0,0.019952763804540998,0.0,0.0049881909511352495
106,1773,10000.0,4,0.5825024936169365,0.5458109155301326,-0.0366915780868039,0.8947943139823612,0.22657223312157201,0.1670555202151973
107,1773,100000.0,4,1.9174936050796756,2.0062982633455175,0.08880465826584194,2.5411408937351356,1.5153436048330973,0.2564493222255096
108,1773,1000000.0,4,4.125729981998563,4.161026216659975,0.03529623466141185,4.9218273913047526,3.5224062028358363,0.34985529711722907
109,1773,10000000.0,4,6.381637621635928,6.489997779243096,0.10836015760716755,7.56031621675784,5.5995497636496,0.49019161327706007
110,1773,100000000.0,4,7.106303485954495,7.495856393647644,0.3895529076931492,8.579040382480487,6.4653411360188295,0.5284248116154144
111,1773,1000000000.0,4,7.767246450560196,7.820828777601084,0.05358232704088728,9.595122043907265,6.822706607271372,0.6931038591589733
112,3669,1000.0,1,0.0,0.0,0.0,0.019788320011286532,0.0,0.004947080002821633
113,3669,10000.0,1,0.0,0.0,0.0,0.03505794790120105,0.0,0.008764486975300263
114,3669,100000.0,1,0.935136269438345,0.9077333734941846,-0.027402895944160455,1.309766862008712,0.5562734688752369,0.18837334828336877
115,3669,1000000.0,1,3.6790206118969158,3.8511714288383523,0.17215081694143652,4.726603866935362,3.105529313513956,0.40526863835535143
116,3669,10000000.0,1,7.191610864315678,7.318249686817622,0.1266388225019437,8.232723408945459,6.466865934304957,0.4414643686601254
117,3669,100000000.0,1,9.2129017221681,9.641437039636424,0.42853531746832374,10.93232827559688,8.350791716975094,0.6453841396554467
118,3669,1000000000.0,1,10.56025115111922,11.377397003322375,0.817145852203156,12.72807234099121,10.026721665653541,0.675337668834417
119,3669,1000.0,2,0.0,0.2926748590070903,0.2926748590070903,0.6583897372119163,0.0,0.16459743430297907
120,3669,10000.0,2,2.3625700055125134,2.455616203669943,0.09304619815742976,2.6898657955765612,2.2386676721339636,0.11279953086064942
121,3669,100000.0,2,3.6976422985458473,3.817945133948425,0.12030283540257791,4.018733285459612,3.621717607667834,0.09925391944794437
122,3669,1000000.0,2,4.750009408662028,4.789980679219763,0.03997127055773486,5.135534653873162,4.492919833257544,0.1606537051539043
123,3669,10000000.0,2,5.884901235129102,5.936360404627647,0.051459169498544455,6.5950680747283394,5.371544247107993,0.30588095690508665
124,3669,100000000.0,2,6.658851510462244,6.697312307964737,0.038460797502493094,7.257592448034773,6.131533813456351,0.28151465864460534
125,3669,1000000000.0,2,7.6065282620943995,6.992599572271482,-0.6139286898229175,7.572889717344018,6.412309427198946,0.290145072536268
126,3669,1000.0,3,0.0,0.0,0.0,0.00991232630504583,0.0,0.0024780815762614574
127,3669,10000.0,3,0.3369153710234869,0.3606209790315208,0.023705608008033896,0.5608117269676196,0.15735342116151946,0.10086457645152504
128,3669,100000.0,3,1.1357483244003712,1.145837583545421,0.010089259145049878,1.3447834877714513,0.9415129475261725,0.10081763506131969
129,3669,1000000.0,3,2.459920202302472,2.632299404307854,0.17237920200538204,2.966728531793634,2.2673900811996446,0.1748346126484973
130,3669,10000000.0,3,4.3939462927390185,4.397157664854161,0.0032113721151425523,4.997418815055313,3.8230417793303237,0.29359425893124724
131,3669,100000000.0,3,5.974077437641258,5.484898953412172,-0.48917848422908605,7.784983863222331,4.4052659341545075,0.844929482266956
132,3669,1000000000.0,3,5.982100089937212,5.514413900720424,-0.4676861892167885,7.79301366975558,4.7040086981191225,0.7722512429091144
133,3669,1000.0,4,0.0,0.0,0.0,0.03311718429687233,0.0,0.008279296074218083
134,3669,10000.0,4,0.5825024936169365,0.5501549035458009,-0.032347590071135635,0.7918361504356394,0.3142318494879451,0.11940107523692357
135,3669,100000.0,4,1.9174936050796756,2.0677728344768065,0.1502792293971309,2.5311644114070204,1.6067965880316417,0.23109195584384468
136,3669,1000000.0,4,4.125729981998563,4.344360953123597,0.21863097112503382,4.977662624047478,3.8103263214396788,0.29183407565194985
137,3669,10000000.0,4,6.381637621635928,6.654079786239652,0.2724421646037243,7.704040918114495,5.743045611864732,0.49024882656244073
138,3669,100000000.0,4,7.106303485954495,7.485851391146394,0.37954790519189885,8.60905538998424,6.445331131016328,0.540931064741978
139,3669,1000000000.0,4,7.767246450560196,7.760798762593581,-0.006447687966615767,9.092688417348537,6.840338532478523,0.5630874712175036
140,6941,1000.0,1,0.0,0.0,0.0,0.027397141026536297,0.0,0.006849285256634074
141,6941,10000.0,1,0.0,0.0,0.0,0.02999606989473396,0.0,0.00749901747368349
142,6941,100000.0,1,0.935136269438345,0.8999184906565336,-0.035217778781811426,1.2713347085188291,0.5376692020956616,0.18341637660579188
143,6941,1000000.0,1,3.6790206118969158,3.8590525615555924,0.18003194965867664,4.7299379479607015,3.128281346149961,0.40041415045268514
144,6941,10000000.0,1,7.191610864315678,7.3203275116276165,0.1287166473119381,8.421493414097892,6.398951786049315,0.5056354070121443
145,6941,100000000.0,1,9.2129017221681,9.78215639091039,0.5692546687422908,10.843034553826806,8.731080960172404,0.5279883984136005
146,6941,1000000000.0,1,10.56025115111922,11.7575870983699,1.1973359472506804,13.658537573607518,9.863141746265086,0.948848956835608
147,6941,1000.0,2,0.0,0.0,0.0,0.3385093529151335,0.0,0.08462733822878338
148,6941,10000.0,2,2.3625700055125134,2.412006964784162,0.04943695927164882,2.623221684789847,2.2193148020118443,0.1009767206945007
149,6941,100000.0,2,3.6976422985458473,3.8271847382638677,0.12954243971802049,4.047415918661929,3.6296480447707298,0.10444196847279974
150,6941,1000000.0,2,4.750009408662028,4.924441435328698,0.17443202666667013,5.268249193237225,4.553402204149879,0.17871174727183647
151,6941,10000000.0,2,5.884901235129102,5.874009603900096,-0.010891631229005938,6.466821802170949,5.373505004999513,0.27332919929285904
152,6941,100000000.0,2,6.658851510462244,6.634648702025987,-0.024202808436257328,7.15490883209102,6.104383569459705,0.2626313156578288
153,6941,1000000000.0,2,7.6065282620943995,6.999575347393584,-0.6069529147008152,7.4920228431717,6.499325222331053,0.24817440521016176
154,6941,1000.0,3,0.0,0.0,0.0,0.019835528288223818,0.0,0.0049588820720559545
155,6941,10000.0,3,0.3369153710234869,0.34631543221596545,0.009400061192478548,0.5287152562909967,0.15700113120110462,0.09292853127247303
156,6941,100000.0,3,1.1357483244003712,1.1159636686345689,-0.01978465576580235,1.3103755136605069,0.9414611755332162,0.09222858453182267
157,6941,1000000.0,3,2.459920202302472,2.655414540545952,0.19549433824347995,3.0130071820577675,2.2971825932924124,0.1789561471913388
158,6941,10000000.0,3,4.3939462927390185,4.448474984478415,0.054528691739396784,5.039678582128224,3.852578466281755,0.29677502896161734
159,6941,100000000.0,3,5.974077437641258,5.3248189133921615,-0.6492585242490962,7.224703723152297,4.3044954108076645,0.7300520780861581
160,6941,1000000000.0,3,5.982100089937212,5.5944539207304285,-0.38764616920678385,7.232733529685545,4.603958673106616,0.6571937141447322
161,6941,1000.0,4,0.0,0.0,0.0,0.009938373212046525,0.0,0.002484593303011631
162,6941,10000.0,4,0.5825024936169365,0.5842481547003984,0.001745661083461858,0.8340713448544481,0.3395862589746354,0.12362127146995318
163,6941,100000.0,4,1.9174936050796756,2.030305923359386,0.1128123182797105,2.4611234976256053,1.6028642858312387,0.21456480294859165
164,6941,1000000.0,4,4.125729981998563,4.327278811289116,0.2015488292905525,4.945160838285428,3.799704618332933,0.2863640549881238
165,6941,10000000.0,4,6.381637621635928,6.531972504238213,0.15033488260228456,7.414931938712211,5.904661110527444,0.3775677070461918
166,6941,100000000.0,4,7.106303485954495,7.600707048072604,0.49440356211810954,8.816419149483147,6.715466198550096,0.525238237733263
167,6941,1000000000.0,4,7.767246450560196,7.960898812618593,0.19365236205839675,9.074861913842234,7.209680399919847,0.46629537848059677
