,Train_size,RP,Site,True,Pred,Bias,Sigma
0,225,1000.0,1,0.0,0.0,0.0,0.0
1,225,10000.0,1,0.0,0.5677318177682157,0.5677318177682157,0.03208856628009071
2,225,100000.0,1,2.410258236361121,3.854325917103301,1.44406768074218,2.3511755877938967
3,225,1000000.0,1,7.4243857134306115,7.0354025207111555,-0.38898319271945603,2.3811905952976495
4,225,10000000.0,1,7.433682631739302,7.638587909197155,0.20490527745785325,2.1809777336095477
5,225,100000000.0,1,9.204977452232926,9.272309977929586,0.06733252569665993,2.0610305152576274
6,225,1000000000.0,1,9.433373685032144,10.802101957644082,1.3687282726119374,2.061030515257629
7,225,1000.0,2,0.0,0.0,0.0,0.0
8,225,10000.0,2,0.7350225362935461,0.9699660222374277,0.2349434859438816,0.01553504325403987
9,225,100000.0,2,2.2770984305471704,2.727867653329544,0.45076922278237364,0.7216964208957917
10,225,1000000.0,2,4.117844824408092,4.806389905904812,0.68854508149672,0.8904707569799619
11,225,10000000.0,2,5.421263629077283,6.158814322734236,0.7375506936569529,1.0205102551275642
12,225,100000000.0,2,6.6891201351536544,7.128150664656792,0.43903052950313715,1.0297703379649548
13,225,1000000000.0,2,7.022159145917837,8.298375378298001,1.2762162323801638,3.3016508254127057
14,225,1000.0,3,0.0,0.0,0.0,0.0
15,225,10000.0,3,0.0,0.0,0.0,0.0
16,225,100000.0,3,0.8895605648252498,1.2193186293284224,0.3297580645031726,0.6806320178786638
17,225,1000000.0,3,2.6678405640613527,3.4943549148540587,0.826514350792706,0.7003501750875438
18,225,10000000.0,3,4.362668852919924,4.251512659494151,-0.11115619342577343,0.7503751875937965
19,225,100000000.0,3,6.160423136706249,4.996227113423221,-1.1641960232830275,0.7423638403449289
20,225,1000000000.0,3,6.37644754044327,5.3189931874028895,-1.0574543530403808,0.6803401700850422
21,225,1000.0,4,0.0,0.0,0.0,0.0
22,225,10000.0,4,1.1373701959312041,1.4664687917759862,0.32909859584478207,0.6454073816077226
23,225,100000.0,4,2.974338182902808,3.2049032717363626,0.23056508883355464,0.7687262739449023
24,225,1000000.0,4,4.582247778434207,5.445699439171119,0.8634516607369127,0.8004002001000492
25,225,10000000.0,4,6.349771234316684,6.256004948116047,-0.09376628620063698,0.8004002001000501
26,225,100000000.0,4,7.722310942983323,6.964650898674787,-0.757660044308536,0.8004002001000501
27,225,1000000000.0,4,8.993180763905627,7.299983682650513,-1.6931970812551143,0.8004002001000501
28,225,1000.0,5,0.6755648752224959,1.1761931448863243,0.5006282696638285,0.5531300632280125
29,225,10000.0,5,3.060441298481421,3.3877531165540917,0.32731181807267085,0.6877415809737784
30,225,100000.0,5,4.940173073431346,5.36266654960752,0.4224934761761743,0.98221193278036
31,225,1000000.0,5,6.714517771123502,7.966884355764624,1.2523665846411225,1.2406263731972649
32,225,10000000.0,5,8.618955803473286,9.056333656276513,0.43737785280322683,1.2406203101550783
33,225,100000000.0,5,10.08349153327847,9.88611162903997,-0.19737990423850071,1.2406203101550766
34,225,1000000000.0,5,11.154261304175764,10.332154892935305,-0.8221064112404584,1.2506253126563287
35,225,1000.0,6,0.0,0.0,0.0,0.0
36,225,10000.0,6,0.0,0.0,0.0,0.0
37,225,100000.0,6,1.7785537275472387,2.0449791719949233,0.26642544444768457,1.1704988710182591
38,225,1000000.0,6,4.048510634085829,4.9370697733035955,0.888559139217767,0.8704352176088044
39,225,10000000.0,6,6.1630088341310225,6.51568292412645,0.3526740899954275,1.0005002501250626
40,225,100000000.0,6,7.902834526671923,7.637060644813316,-0.26577388185860773,1.3006503251625805
41,225,1000000000.0,6,8.21279056880808,7.662221938068008,-0.5505686307400719,1.3006503251625805
42,225,1000.0,7,0.0,0.0,0.0,0.0
43,225,10000.0,7,0.6403835375201357,1.1461486531014653,0.5057651155813296,0.75507293180199
44,225,100000.0,7,3.2107319253467477,3.759382493967944,0.5486505686211962,1.20776986863847
45,225,1000000.0,7,5.093057151770431,5.74987158467942,0.6568144329089893,1.2106053026513255
46,225,10000000.0,7,7.344897502240284,7.801882395960998,0.4569848937207146,1.890642580190244
47,225,100000000.0,7,8.34303504691091,8.835846122970977,0.49281107606006813,1.8909454727363677
48,225,1000000000.0,7,9.623495921484418,8.998195470410867,-0.6253004510735511,1.8809404702351173
49,225,1000.0,8,0.0,0.0,0.0,0.0
50,225,10000.0,8,0.0,0.0,0.0,0.0
51,225,100000.0,8,0.4148781471981973,0.84227185825127,0.4273937110530727,0.27144588709161344
52,225,1000000.0,8,2.4659414871525014,2.585209545205282,0.11926805805278073,0.7703851925962981
53,225,10000000.0,8,4.925483006755997,4.351611800920074,-0.573871205835923,1.070535267633817
54,225,100000000.0,8,6.10162515652854,5.143422077533453,-0.958203078995087,1.4415644787094637
55,225,1000000000.0,8,7.112240293670511,5.35637455995564,-1.755865733714871,1.2653271179823031
56,225,1000.0,9,0.0,0.0,0.0,0.0
57,225,10000.0,9,1.1632400868571453,1.0731284191758736,-0.09011166768127166,0.4497884959243663
58,225,100000.0,9,2.7466548370440473,2.857356193502117,0.11070135645806944,0.5102551275637821
59,225,1000000.0,9,3.939098634609512,4.204873511634912,0.26577487702540026,0.680319794284352
60,225,10000000.0,9,5.6217401578126225,6.215801315749572,0.5940611579369497,0.9404208996368988
61,225,100000000.0,9,6.833206429789875,6.554794156265899,-0.27841227352397624,0.9304652326163083
62,225,1000000000.0,9,7.869641525132395,6.9897025378928,-0.8799389872395951,0.9304652326163083
63,225,1000.0,10,0.0,0.0,0.0,0.0
64,225,10000.0,10,0.0,0.0,0.0,0.0
65,225,100000.0,10,1.175398937727467,1.2603770966223131,0.08497815889484617,0.5502803285578588
66,225,1000000.0,10,3.123717296094119,3.2965614587973233,0.17284416270320424,0.6203101550775387
67,225,10000000.0,10,5.360641257629954,5.12921717750426,-0.23142408012569415,0.7029113477531794
68,225,100000000.0,10,6.631204245767506,6.359913155503378,-0.27129109026412834,0.7003501750875438
69,225,1000000000.0,10,7.396223327502627,7.067229987669497,-0.32899333983313017,0.7003501750875438
70,225,1000.0,11,0.0,0.0,0.0,0.0
71,225,10000.0,11,0.0,0.0,0.0,0.0
72,225,100000.0,11,0.0,0.540674016146615,0.540674016146615,0.2540295689255868
73,225,1000000.0,11,2.3178129665843676,2.4292427548092186,0.11142978822485095,0.5402701350675341
74,225,10000000.0,11,3.976256510211769,4.018842564537647,0.04258605432587803,0.8289231337142109
75,225,100000000.0,11,4.9811771947951895,4.749317986827325,-0.2318592079678643,0.6603301650825406
76,225,1000000000.0,11,5.52528785976876,5.190745558651861,-0.3345423011168984,0.6603301650825415
77,225,1000.0,12,0.0,0.0,0.0,0.0
78,225,10000.0,12,0.0,0.0,0.0,0.0
79,225,100000.0,12,0.0,0.0,0.0,0.0
80,225,1000000.0,12,0.22536173549121127,0.5016804209190395,0.2763186854278282,0.58044741275182
81,225,10000000.0,12,1.9846288175398301,1.0015262777525773,-0.9831025397872528,1.2406203101550772
82,225,100000000.0,12,3.246162838265235,1.1446389407892368,-2.101523897475998,1.2406203101550775
83,225,1000000000.0,12,3.4900357131246467,1.2343135294403822,-2.2557221836842647,1.2306153076538269
84,529,1000.0,1,0.0,0.0,0.0,0.0
85,529,10000.0,1,0.0,0.0,0.0,0.0
86,529,100000.0,1,2.410258236361121,3.6264621998162405,1.2162039634551194,2.0995423468349457
87,529,1000000.0,1,7.4243857134306115,6.585373488922989,-0.8390122245076226,1.8909512285385537
88,529,10000000.0,1,7.433682631739302,7.562918847481487,0.1292362157421847,1.8300989073264082
89,529,100000000.0,1,9.204977452232926,9.490806304379172,0.28582885214624554,1.8009004502251127
90,529,1000000000.0,1,9.433373685032144,9.993556306384903,0.5601826213527588,1.8009004502251127
91,529,1000.0,2,0.0,0.0,0.0,0.0
92,529,10000.0,2,0.7350225362935461,0.8792755522647154,0.14425301597116935,0.1708323521566254
93,529,100000.0,2,2.2770984305471704,2.4679548389587103,0.19085640841153984,0.5471213645423485
94,529,1000000.0,2,4.117844824408092,4.3567896679440095,0.2389448435359176,0.6208449209920381
95,529,10000000.0,2,5.421263629077283,5.924008050301077,0.5027444212237935,0.7503751875937965
96,529,100000000.0,2,6.6891201351536544,7.317239243473956,0.6281191083203019,0.7503751875937965
97,529,1000000000.0,2,7.022159145917837,7.472126890544246,0.44996774462640854,0.7403701850925462
98,529,1000.0,3,0.0,0.0,0.0,0.0
99,529,10000.0,3,0.0,0.0,0.0,0.0
100,529,100000.0,3,0.8895605648252498,1.0221427697363823,0.13258220491113248,0.49643252165014573
101,529,1000000.0,3,2.6678405640613527,3.235666432630624,0.5678258685692712,0.6503349401828391
102,529,10000000.0,3,4.362668852919924,4.61810998232605,0.25544112940612607,0.6325070933352572
103,529,100000000.0,3,6.160423136706249,6.066613930817629,-0.09380920588862018,0.9904952476238122
104,529,1000000000.0,3,6.37644754044327,6.241511582890419,-0.1349359575528517,0.9904952476238122
105,529,1000.0,4,0.0,0.0,0.0,0.0
106,529,10000.0,4,1.1373701959312041,1.37400563857103,0.23663544263982583,0.5804601972616654
107,529,100000.0,4,2.974338182902808,3.0905409439723965,0.1162027610695886,0.7088535688126631
108,529,1000000.0,4,4.582247778434207,5.126569650187052,0.5443218717528451,0.7903951975987997
109,529,10000000.0,4,6.349771234316684,6.362942248402689,0.013171014086005073,0.7903951975987997
110,529,100000000.0,4,7.722310942983323,8.14765445107776,0.42534350809443655,1.3106553276638309
111,529,1000000000.0,4,8.993180763905627,8.382582118158052,-0.6105986457475758,1.3106553276638326
112,529,1000.0,5,0.6755648752224959,0.7513647315032208,0.07579985628072494,0.29908842638572297
113,529,10000.0,5,3.060441298481421,3.2950383496311844,0.23459705114976348,0.5841011850048372
114,529,100000.0,5,4.940173073431346,5.175537782405197,0.23536470897385087,0.830682625500236
115,529,1000000.0,5,6.714517771123502,7.4878843959837456,0.7733666248602438,0.8404202101050506
116,529,10000000.0,5,8.618955803473286,8.996762646998823,0.37780684352553706,1.0405202601300658
117,529,100000000.0,5,10.08349153327847,11.349255251477958,1.2657637181994872,1.0305152576288155
118,529,1000000000.0,5,11.154261304175764,11.634207931064505,0.4799466268887418,1.040520260130064
119,529,1000.0,6,0.0,0.0,0.0,0.0
120,529,10000.0,6,0.0,0.0,0.0,0.0
121,529,100000.0,6,1.7785537275472387,1.7055471951613883,-0.07300653238585042,0.8202917747972316
122,529,1000000.0,6,4.048510634085829,4.211102640661049,0.16259200657522044,0.8405459806964561
123,529,10000000.0,6,6.1630088341310225,6.982978989616271,0.8199701554852483,0.8604302151075531
124,529,100000000.0,6,7.902834526671923,9.048104676190315,1.1452701495183915,1.4007003501750876
125,529,1000000000.0,6,8.21279056880808,9.182982318258102,0.9701917494500218,1.410705352676338
126,529,1000.0,7,0.0,0.0,0.0,0.0
127,529,10000.0,7,0.6403835375201357,0.7901939430188143,0.14981040549867863,0.2496574043617723
128,529,100000.0,7,3.2107319253467477,3.355566955776441,0.14483503042969348,0.6702313203796169
129,529,1000000.0,7,5.093057151770431,5.330167422627564,0.23711027085713354,0.8304537104293663
130,529,10000000.0,7,7.344897502240284,7.888566177105444,0.5436686748651605,1.2406203101550766
131,529,100000000.0,7,8.34303504691091,9.96845804750143,1.625423000590521,1.2406203101550766
132,529,1000000000.0,7,9.623495921484418,9.983332935341753,0.35983701385733546,1.2406203101550783
133,529,1000.0,8,0.0,0.0,0.0,0.0
134,529,10000.0,8,0.0,0.0,0.0,0.0
135,529,100000.0,8,0.4148781471981973,0.6355590672379191,0.22068092003972178,0.36402506348622665
136,529,1000000.0,8,2.4659414871525014,2.421190780431148,-0.044750706721353506,0.4502251125562782
137,529,10000000.0,8,4.925483006755997,4.896982387882737,-0.028500618873260386,0.8262433257746764
138,529,100000000.0,8,6.10162515652854,6.376662149552455,0.2750369930239156,0.6603301650825415
139,529,1000000000.0,8,7.112240293670511,6.471577057402785,-0.6406632362677263,0.6603301650825415
140,529,1000.0,9,0.0,0.0,0.0,0.0
141,529,10000.0,9,1.1632400868571453,1.1824134917079423,0.019173404850796993,0.423133851886091
142,529,100000.0,9,2.7466548370440473,2.678524374605967,-0.0681304624380803,0.5059205543623393
143,529,1000000.0,9,3.939098634609512,4.0401725600023015,0.10107392539278948,0.6103051525762879
144,529,10000000.0,9,5.6217401578126225,6.0859717906084265,0.46423163279580404,0.7303651825912958
145,529,100000000.0,9,6.833206429789875,6.640797058369182,-0.19240937142069292,0.7303651825912958
146,529,1000000000.0,9,7.869641525132395,6.81914088102101,-1.050500644111385,0.7303651825912958
147,529,1000.0,10,0.0,0.0,0.0,0.0
148,529,10000.0,10,0.0,0.0,0.0,0.0
149,529,100000.0,10,1.175398937727467,1.2293629997785862,0.053964062051119255,0.5906462149649325
150,529,1000000.0,10,3.123717296094119,3.2198210787966364,0.09610378270251729,0.6698353527852832
151,529,10000000.0,10,5.360641257629954,5.393808602914617,0.03316734528466281,0.6503251625812903
152,529,100000000.0,10,6.631204245767506,6.4325243155554235,-0.19867993021208274,0.6603301650825415
153,529,1000000000.0,10,7.396223327502627,6.95717496015574,-0.4390483673468868,0.6503251625812903
154,529,1000.0,11,0.0,0.0,0.0,0.0
155,529,10000.0,11,0.0,0.0,0.0,0.0
156,529,100000.0,11,0.0,0.42601679271038906,0.42601679271038906,0.16091910713743718
157,529,1000000.0,11,2.3178129665843676,2.3246174644030755,0.006804497818707844,0.5808134701245957
158,529,10000000.0,11,3.976256510211769,3.934619163891022,-0.04163734632074689,0.40020010005002504
159,529,100000000.0,11,4.9811771947951895,4.664011989294017,-0.31716520550117266,0.7755798702963252
160,529,1000000000.0,11,5.52528785976876,5.146269507429377,-0.37901835233938286,0.4802401200600297
161,529,1000.0,12,0.0,0.0,0.0,0.0
162,529,10000.0,12,0.0,0.0,0.0,0.0
163,529,100000.0,12,0.0,0.0,0.0,0.0
164,529,1000000.0,12,0.22536173549121127,0.49101190260850275,0.2656501671172915,0.21010505252626316
165,529,10000000.0,12,1.9846288175398301,1.3837938881681746,-0.6008349293716555,0.560280140070035
166,529,100000000.0,12,3.246162838265235,1.9244360364959276,-1.3217268017693073,1.060530265132566
167,529,1000000000.0,12,3.4900357131246467,2.0193509443462565,-1.4706847687783902,1.060530265132566
168,892,1000.0,1,0.0,0.0,0.0,0.0
169,892,10000.0,1,0.0,0.0,0.0,0.0
170,892,100000.0,1,2.410258236361121,3.373119418155909,0.9628611817947879,1.6908501369606936
171,892,1000000.0,1,7.4243857134306115,6.965001705380602,-0.45938400805000956,1.5807680631463255
172,892,10000000.0,1,7.433682631739302,7.632337032632295,0.1986544008929929,1.3120093302206222
173,892,100000000.0,1,9.204977452232926,8.892113212210303,-0.31286424002262336,1.2906453226613301
174,892,1000000000.0,1,9.433373685032144,9.454341423754633,0.02096773872248825,1.2906453226613301
175,892,1000.0,2,0.0,0.0,0.0,0.0
176,892,10000.0,2,0.7350225362935461,0.8153459827198508,0.08032344642630473,0.2194649575684522
177,892,100000.0,2,2.2770984305471704,2.507698999291895,0.23060056874472457,0.5702851425712856
178,892,1000000.0,2,4.117844824408092,4.566171195455484,0.4483263710473926,0.6203101550775392
179,892,10000000.0,2,5.421263629077283,5.887729929042943,0.4664662999656599,0.8904452226113051
180,892,100000000.0,2,6.6891201351536544,7.037099173438939,0.34797903828528476,0.890445222611306
181,892,1000000000.0,2,7.022159145917837,7.141961808002975,0.11980266208513779,0.8904452226113051
182,892,1000.0,3,0.0,0.0,0.0,0.0
183,892,10000.0,3,0.0,0.0,0.0,0.0
184,892,100000.0,3,0.8895605648252498,1.0097522506643406,0.12019168583909079,0.4749661378386971
185,892,1000000.0,3,2.6678405640613527,3.475292701505267,0.8074521374439141,0.769925397289807
186,892,10000000.0,3,4.362668852919924,4.5404081949968225,0.17773934207689823,1.0301103919046701
187,892,100000000.0,3,6.160423136706249,5.99212278666943,-0.16830035003681854,0.44022011005502737
188,892,1000000000.0,3,6.37644754044327,6.202749291468623,-0.17369824897464703,0.44022011005502737
189,892,1000.0,4,0.0,0.0,0.0,0.0
190,892,10000.0,4,1.1373701959312041,1.3361379860220273,0.19876779009082313,0.5192702807835046
191,892,100000.0,4,2.974338182902808,3.2887316377111957,0.31439345480838776,0.6705519363007961
192,892,1000000.0,4,4.582247778434207,5.935121750223005,1.3528739717887985,0.7504012345777973
193,892,10000000.0,4,6.349771234316684,6.640976692317417,0.29120545800073305,0.7594918608622807
194,892,100000000.0,4,7.722310942983323,7.977569408556498,0.2552584655731751,0.9304652326163083
195,892,1000000000.0,4,8.993180763905627,8.232507080639293,-0.7606736832663348,0.9304652326163083
196,892,1000.0,5,0.6755648752224959,0.8236288643729415,0.1480639891504456,0.10981822936073438
197,892,10000.0,5,3.060441298481421,3.2746445085147493,0.21420321003332843,0.5577962857098231
198,892,100000.0,5,4.940173073431346,5.44951516338447,0.5093420899531242,0.8004002001000501
199,892,1000000.0,5,6.714517771123502,8.4860914039589,1.7715736328353984,0.9904303120578426
200,892,10000000.0,5,8.618955803473286,9.315189918474516,0.6962341150012303,0.9904952476238122
201,892,100000000.0,5,10.08349153327847,10.688925086395418,0.6054335531169475,0.9904952476238105
202,892,1000000000.0,5,11.154261304175764,11.003892773485715,-0.15036853069004863,0.9904952476238122
203,892,1000.0,6,0.0,0.0,0.0,0.0
204,892,10000.0,6,0.0,0.0,0.0,0.0
205,892,100000.0,6,1.7785537275472387,1.8060053027969687,0.027451575249729965,0.7831496094613999
206,892,1000000.0,6,4.048510634085829,4.946529532888634,0.898018898802805,0.6903451725862926
207,892,10000000.0,6,6.1630088341310225,6.8202111678482975,0.657202333717275,0.9404702351175587
208,892,100000000.0,6,7.902834526671923,8.743498474513352,0.8406639478414286,1.3106553276638309
209,892,1000000000.0,6,8.21279056880808,9.003645164622593,0.7908545958145137,1.3106553276638326
210,892,1000.0,7,0.0,0.0,0.0,0.0
211,892,10000.0,7,0.6403835375201357,0.6923445465758774,0.05196100905574175,0.3805232478466102
212,892,100000.0,7,3.2107319253467477,3.4651692352586805,0.2544373099119328,0.7098786697462858
213,892,1000000.0,7,5.093057151770431,6.01754975219025,0.9244926004198195,0.7303651825912958
214,892,10000000.0,7,7.344897502240284,7.922016932473946,0.5771194302336626,1.1305652826413208
215,892,100000000.0,7,8.34303504691091,9.438568584415009,1.0955335375040995,1.1305652826413208
216,892,1000000000.0,7,9.623495921484418,9.560855987713744,-0.062639933770674,1.1205602801400705
217,892,1000.0,8,0.0,0.0,0.0,0.0
218,892,10000.0,8,0.0,0.0,0.0,0.0
219,892,100000.0,8,0.4148781471981973,0.6282074628053188,0.21332931560712148,0.2414417573899914
220,892,1000000.0,8,2.4659414871525014,2.495678187121369,0.02973669996886752,0.3701850925462735
221,892,10000000.0,8,4.925483006755997,4.949542441690956,0.024059434934958546,0.5302651325662824
222,892,100000000.0,8,6.10162515652854,6.199752763966569,0.09812760743802951,0.7603801900950478
223,892,1000000000.0,8,7.112240293670511,6.342868177517722,-0.7693721161527893,0.7603801900950478
224,892,1000.0,9,0.0,0.0,0.0,0.0
225,892,10000.0,9,1.1632400868571453,1.2106560018148198,0.0474159149576745,0.34786356666035245
226,892,100000.0,9,2.7466548370440473,2.758029697857346,0.01137486081329886,0.4301847980998059
227,892,1000000.0,9,3.939098634609512,4.140989917845676,0.20189128323616412,0.660359636314169
228,892,10000000.0,9,5.6217401578126225,6.059169986740685,0.4374298289280629,0.9204602301150571
229,892,100000000.0,9,6.833206429789875,6.684893019033172,-0.14831341075670323,0.9204602301150571
230,892,1000000000.0,9,7.869641525132395,7.007199972661993,-0.8624415524704023,0.920460230115058
231,892,1000.0,10,0.0,0.0,0.0,0.0
232,892,10000.0,10,0.0,0.0,0.0,0.0
233,892,100000.0,10,1.175398937727467,1.242870154841686,0.0674712171142191,0.5019310980418001
234,892,1000000.0,10,3.123717296094119,3.4316276507806696,0.3079103546865505,0.5099099085684276
235,892,10000000.0,10,5.360641257629954,5.785234323147844,0.42459306551788956,0.7603801900950469
236,892,100000000.0,10,6.631204245767506,6.749169893139789,0.11796564737228277,0.7703851925962981
237,892,1000000000.0,10,7.396223327502627,7.596342404636974,0.20011907713434685,0.7603801900950478
238,892,1000.0,11,0.0,0.0,0.0,0.0
239,892,10000.0,11,0.0,0.0,0.0,0.0
240,892,100000.0,11,0.0,0.40749109721240767,0.40749109721240767,0.0489425566805653
241,892,1000000.0,11,2.3178129665843676,2.4532228265937506,0.13540986000938293,0.49024512256128094
242,892,10000000.0,11,3.976256510211769,4.257324358653289,0.2810678484415199,0.9277872107840981
243,892,100000000.0,11,4.9811771947951895,5.029721460493493,0.04854426569830306,0.7103551775887951
244,892,1000000000.0,11,5.52528785976876,5.955521994431871,0.43023413466311133,0.7103551775887942
245,892,1000.0,12,0.0,0.0,0.0,0.0
246,892,10000.0,12,0.0,0.0,0.0,0.0
247,892,100000.0,12,0.0,0.0,0.0,0.0
248,892,1000000.0,12,0.22536173549121127,0.520755260989183,0.2953935254979717,0.4102051025512756
249,892,10000000.0,12,1.9846288175398301,1.6748977762797643,-0.3097310412600658,0.8999514940496096
250,892,100000000.0,12,3.246162838265235,2.1677367559625678,-1.0784260823026672,0.6848941687694912
251,892,1000000000.0,12,3.4900357131246467,2.300787485481982,-1.1892482276426648,0.5797961483752299
252,1658,1000.0,1,0.0,0.0,0.0,0.0
253,1658,10000.0,1,0.0,0.0,0.0,0.0
254,1658,100000.0,1,2.410258236361121,2.7461947576820966,0.3359365213209755,1.2506312588512127
255,1658,1000000.0,1,7.4243857134306115,6.16577302942754,-1.2586126840030714,1.2106009961419142
256,1658,10000000.0,1,7.433682631739302,7.3494020684205,-0.08428056331880196,1.2006003001500742
257,1658,100000000.0,1,9.204977452232926,8.8714483417464,-0.333529110486527,1.0305152576288137
258,1658,1000000000.0,1,9.433373685032144,9.838200536060615,0.4048268510284707,1.0305152576288137
259,1658,1000.0,2,0.0,0.0,0.0,0.0
260,1658,10000.0,2,0.7350225362935461,0.8257206166348974,0.0906980803413513,0.17594035791421714
261,1658,100000.0,2,2.2770984305471704,2.565977186433033,0.28887875588586276,0.5103485416864699
262,1658,1000000.0,2,4.117844824408092,4.327624953232197,0.20978012882410546,0.5502751375687849
263,1658,10000000.0,2,5.421263629077283,5.6170509230514325,0.19578729397414918,0.5402701350675336
264,1658,100000000.0,2,6.6891201351536544,6.7633725533227285,0.07425241816907402,0.5402701350675336
265,1658,1000000000.0,2,7.022159145917837,7.326944908246708,0.304785762328871,0.5402701350675336
266,1658,1000.0,3,0.0,0.0,0.0,0.0
267,1658,10000.0,3,0.0,0.0,0.0,0.0
268,1658,100000.0,3,0.8895605648252498,1.0651035515588168,0.17554298673356694,0.45501962600112456
269,1658,1000000.0,3,2.6678405640613527,3.2453380956840814,0.5774975316227287,0.7003501750875434
270,1658,10000000.0,3,4.362668852919924,4.390610678115221,0.0279418251952972,0.430215107553777
271,1658,100000000.0,3,6.160423136706249,5.752867669839399,-0.4075554668668495,0.9704852426213106
272,1658,1000000000.0,3,6.37644754044327,6.146354613099134,-0.23009292734413656,0.9704852426213106
273,1658,1000.0,4,0.0,0.0,0.0,0.0
274,1658,10000.0,4,1.1373701959312041,1.2807239895581577,0.14335379362695355,0.47860214085301367
275,1658,100000.0,4,2.974338182902808,3.2379472848580884,0.2636091019552804,0.6508970007952692
276,1658,1000000.0,4,4.582247778434207,5.386081632245252,0.803833853811045,0.5503222935525569
277,1658,10000000.0,4,6.349771234316684,6.1719282279702306,-0.17784300634645334,0.5593162119660162
278,1658,100000000.0,4,7.722310942983323,7.21354867645292,-0.508762266530403,0.5602801400700352
279,1658,1000000000.0,4,8.993180763905627,8.067315093339253,-0.9258656705663739,0.30015007503751967
280,1658,1000.0,5,0.6755648752224959,0.7364912215867523,0.06092634636425642,0.24841005215214318
281,1658,10000.0,5,3.060441298481421,3.2486445372835093,0.18820323880208845,0.5033999980175965
282,1658,100000.0,5,4.940173073431346,5.321059097131671,0.38088602370032465,0.7486412480182274
283,1658,1000000.0,5,6.714517771123502,7.726882632885534,1.0123648617620322,0.6703015650973168
284,1658,10000000.0,5,8.618955803473286,8.71135796898162,0.09240216550833402,0.6703351675837919
285,1658,100000000.0,5,10.08349153327847,10.094929482704002,0.011437949425531002,0.6603301650825415
286,1658,1000000000.0,5,11.154261304175764,11.168865868726948,0.014604564551184751,0.6603301650825415
287,1658,1000.0,6,0.0,0.0,0.0,0.0
288,1658,10000.0,6,0.0,0.0,0.0,0.0
289,1658,100000.0,6,1.7785537275472387,1.8813071132767039,0.10275338572946513,0.830821366267587
290,1658,1000000.0,6,4.048510634085829,4.548670137110499,0.5001595030246708,0.5202689387276935
291,1658,10000000.0,6,6.1630088341310225,6.746004236450883,0.5829954023198605,0.8404202101050533
292,1658,100000000.0,6,7.902834526671923,8.454192926950396,0.551358400278473,1.0505252626313162
293,1658,1000000000.0,6,8.21279056880808,9.19067089516747,0.97788032635939,1.0405202601300658
294,1658,1000.0,7,0.0,0.0,0.0,0.0
295,1658,10000.0,7,0.6403835375201357,0.6842401227724877,0.04385658525235203,0.3094192267816813
296,1658,100000.0,7,3.2107319253467477,3.4233312555656994,0.21259933021895172,0.6854311005294029
297,1658,1000000.0,7,5.093057151770431,5.459760510895399,0.3667033591249682,0.6603286768059036
298,1658,10000000.0,7,7.344897502240284,7.562069508515479,0.21717200627519517,0.9004502251125563
299,1658,100000000.0,7,8.34303504691091,8.724354738024925,0.3813196911140153,0.9004502251125572
300,1658,1000000000.0,7,9.623495921484418,9.430790955197486,-0.19270496628693223,0.9004502251125555
301,1658,1000.0,8,0.0,0.0,0.0,0.0
302,1658,10000.0,8,0.0,0.0,0.0,0.0
303,1658,100000.0,8,0.4148781471981973,0.72888227123503,0.3140041240368327,0.21557160284609023
304,1658,1000000.0,8,2.4659414871525014,2.5008613863147624,0.034919899162261014,0.41027271542909993
305,1658,10000000.0,8,4.925483006755997,4.870549354620913,-0.05493365213508472,0.6203101550775383
306,1658,100000000.0,8,6.10162515652854,6.169872927572145,0.06824777104360535,0.6803401700850431
307,1658,1000000000.0,8,7.112240293670511,7.017204975163243,-0.09503531850726787,0.6903451725862935
308,1658,1000.0,9,0.0,0.0,0.0,0.0
309,1658,10000.0,9,1.1632400868571453,1.275475828101117,0.11223574124397162,0.3165939428749156
310,1658,100000.0,9,2.7466548370440473,2.84760571220846,0.10095087516441259,0.3699632574151015
311,1658,1000000.0,9,3.939098634609512,4.194361275479119,0.25526264086960726,0.3701850925462731
312,1658,10000000.0,9,5.6217401578126225,6.253333230242666,0.6315930724300438,0.6803401700850422
313,1658,100000000.0,9,6.833206429789875,6.2627678386778465,-0.5704385911120289,0.6803401700850422
314,1658,1000000000.0,9,7.869641525132395,6.606999872611968,-1.2626416525204274,0.6703351675837919
315,1658,1000.0,10,0.0,0.0,0.0,0.0
316,1658,10000.0,10,0.0,0.0,0.0,0.0
317,1658,100000.0,10,1.175398937727467,1.2334737720026243,0.05807483427515736,0.5247153029245164
318,1658,1000000.0,10,3.123717296094119,3.3713736696232828,0.2476563735291637,0.5903611367240944
319,1658,10000000.0,10,5.360641257629954,5.4856445467050925,0.12500328907513847,0.5302651325662833
320,1658,100000000.0,10,6.631204245767506,6.6815896120125915,0.05038536624508527,0.5302651325662824
321,1658,1000000000.0,10,7.396223327502627,7.126107287078194,-0.2701160404244325,0.5302651325662833
322,1658,1000.0,11,0.0,0.0,0.0,0.0
323,1658,10000.0,11,0.0,0.0,0.0,0.0
324,1658,100000.0,11,0.0,0.43584231887087904,0.43584231887087904,0.0589858061909348
325,1658,1000000.0,11,2.3178129665843676,2.3384954194227596,0.020682452838391985,0.3701850925462731
326,1658,10000000.0,11,3.976256510211769,3.961145311991845,-0.015111198219924127,0.3127229039550308
327,1658,100000000.0,11,4.9811771947951895,4.582454485298906,-0.3987227094962833,0.6708539537086846
328,1658,1000000000.0,11,5.52528785976876,5.585336901885598,0.06004904211683826,0.430215107553777
329,1658,1000.0,12,0.0,0.0,0.0,0.0
330,1658,10000.0,12,0.0,0.0,0.0,0.0
331,1658,100000.0,12,0.0,0.0,0.0,0.0
332,1658,1000000.0,12,0.22536173549121127,0.4926256844059179,0.2672639489147066,0.020010005002501274
333,1658,10000000.0,12,1.9846288175398301,1.5139978008695487,-0.4706310166702814,0.5244585923805065
334,1658,100000000.0,12,3.246162838265235,2.2749367397794744,-0.9712260984857606,0.6203101550775387
335,1658,1000000000.0,12,3.4900357131246467,2.655023884617971,-0.8350118285066759,0.6203101550775387
336,3454,1000.0,1,0.0,0.0,0.0,0.0
337,3454,10000.0,1,0.0,0.0,0.0,0.0
338,3454,100000.0,1,2.410258236361121,2.9423744976589914,0.5321162612978703,1.0211900269375858
339,3454,1000000.0,1,7.4243857134306115,6.474911610126785,-0.9494741033038263,1.1705852926463232
340,3454,10000000.0,1,7.433682631739302,7.417579097241511,-0.016103534497791117,1.1618773583729283
341,3454,100000000.0,1,9.204977452232926,9.15152058680132,-0.053456865431606104,1.250625312656327
342,3454,1000000000.0,1,9.433373685032144,10.578570721153161,1.1451970361210169,1.260630315157579
343,3454,1000.0,2,0.0,0.0,0.0,0.0
344,3454,10000.0,2,0.7350225362935461,0.7067204905078759,-0.028302045785670193,0.2549840724411432
345,3454,100000.0,2,2.2770984305471704,2.4487319520867823,0.17163352153961187,0.4722577508977346
346,3454,1000000.0,2,4.117844824408092,4.267386038398093,0.14954121399000098,0.44022011005502737
347,3454,10000000.0,2,5.421263629077283,5.601256447752019,0.1799928186747355,0.8204102051025517
348,3454,100000000.0,2,6.6891201351536544,6.847555714077903,0.15843557892424887,0.8204102051025517
349,3454,1000000000.0,2,7.022159145917837,7.67711999579048,0.6549608498726425,0.830415207603802
350,3454,1000.0,3,0.0,0.0,0.0,0.0
351,3454,10000.0,3,0.0,0.0,0.0,0.0
352,3454,100000.0,3,0.8895605648252498,0.9168694305587769,0.027308865733527088,0.25012506253126554
353,3454,1000000.0,3,2.6678405640613527,3.195591925162716,0.5277513611013633,0.47023511755877934
354,3454,10000000.0,3,4.362668852919924,4.63257214841024,0.269903295490316,0.42021010505252665
355,3454,100000000.0,3,6.160423136706249,5.759926244477897,-0.40049689222835205,0.9904952476238122
356,3454,1000000000.0,3,6.37644754044327,6.916739805695432,0.5402922652521616,0.9904952476238122
357,3454,1000.0,4,0.0,0.0,0.0,0.0
358,3454,10000.0,4,1.1373701959312041,1.2471153814198572,0.10974518548865309,0.43942306941602305
359,3454,100000.0,4,2.974338182902808,3.1215785225164465,0.14724033961363858,0.4973356538530598
360,3454,1000000.0,4,4.582247778434207,5.335888966494258,0.7536411880600511,0.5302292642511013
361,3454,10000000.0,4,6.349771234316684,6.368175040577229,0.01840380626054472,0.5202601300650329
362,3454,100000000.0,4,7.722310942983323,7.460776669690503,-0.26153427329281964,0.520260130065032
363,3454,1000000000.0,4,8.993180763905627,8.377470170878023,-0.6157105930276039,0.7903951975987997
364,3454,1000.0,5,0.6755648752224959,0.7291401836542992,0.05357530843180336,0.256041766770871
365,3454,10000.0,5,3.060441298481421,3.2094845807905505,0.14904328230912967,0.47032486564632237
366,3454,100000.0,5,4.940173073431346,5.160699308299146,0.22052623486780032,0.5898585937701784
367,3454,1000000.0,5,6.714517771123502,7.687032997722765,0.9725152265992634,0.5903946307113994
368,3454,10000000.0,5,8.618955803473286,8.879430668391135,0.26047486491784966,0.6003001500750376
369,3454,100000000.0,5,10.08349153327847,10.092092327519419,0.008600794240948062,0.5911559397238424
370,3454,1000000000.0,5,11.154261304175764,11.278920896240704,0.12465959206494048,0.5902951475737872
371,3454,1000.0,6,0.0,0.0,0.0,0.0
372,3454,10000.0,6,0.0,0.0,0.0,0.0
373,3454,100000.0,6,1.7785537275472387,1.556105182709836,-0.22244854483740273,0.5928602457280994
374,3454,1000000.0,6,4.048510634085829,4.339591831003057,0.29108119691722845,0.47023511755877934
375,3454,10000000.0,6,6.1630088341310225,6.603776907649183,0.4407680735181607,0.6803401700850431
376,3454,100000000.0,6,7.902834526671923,8.286269468386667,0.3834349417147438,0.8204102051025508
377,3454,1000000000.0,6,8.21279056880808,9.297930400993081,1.0851398321850017,0.8204102051025508
378,3454,1000.0,7,0.0,0.0,0.0,0.0
379,3454,10000.0,7,0.6403835375201357,0.6581197145974665,0.017736177077330884,0.309155100012367
380,3454,100000.0,7,3.2107319253467477,3.3371193519483953,0.1263874266016476,0.5313899138836131
381,3454,1000000.0,7,5.093057151770431,5.420842004784959,0.32778485301452776,0.6101970985089222
382,3454,10000000.0,7,7.344897502240284,7.54890649804539,0.20400899580510679,0.7390178667883944
383,3454,100000000.0,7,8.34303504691091,9.023984299140453,0.6809492522295439,0.7403701850925462
384,3454,1000000000.0,7,9.623495921484418,9.327945408496833,-0.2955505129875853,0.7403701850925462
385,3454,1000.0,8,0.0,0.0,0.0,0.0
386,3454,10000.0,8,0.0,0.0,0.0,0.0
387,3454,100000.0,8,0.4148781471981973,0.5802454129910389,0.1653672657928416,0.325740646804355
388,3454,1000000.0,8,2.4659414871525014,2.517369555613062,0.051428068460560805,0.3804344436460747
389,3454,10000000.0,8,4.925483006755997,4.9503197807930155,0.024836774037018117,0.5602801400700352
390,3454,100000000.0,8,6.10162515652854,6.700586047402761,0.5989608908742214,0.6803401700850422
391,3454,1000000000.0,8,7.112240293670511,7.122256743816615,0.01001645014610375,0.6903451725862926
392,3454,1000.0,9,0.0,0.0,0.0,0.0
393,3454,10000.0,9,1.1632400868571453,1.1867955624720044,0.023555475614859045,0.2792141832344339
394,3454,100000.0,9,2.7466548370440473,2.751223702345836,0.004568865301788794,0.3301744490076546
395,3454,1000000.0,9,3.939098634609512,4.115836498476242,0.1767378638667303,0.36084268449735646
396,3454,10000000.0,9,5.6217401578126225,5.848911771549555,0.22717161373693262,0.5602801400700352
397,3454,100000000.0,9,6.833206429789875,6.476246027826645,-0.35696040196323064,0.5602801400700352
398,3454,1000000000.0,9,7.869641525132395,7.61954108112106,-0.250100444011335,0.5602801400700343
399,3454,1000.0,10,0.0,0.0,0.0,0.0
400,3454,10000.0,10,0.0,0.0,0.0,0.0
401,3454,100000.0,10,1.175398937727467,1.157303624497434,-0.018095313230032994,0.4196013493059074
402,3454,1000000.0,10,3.123717296094119,3.423659480392277,0.2999421842981578,0.6003001500750376
403,3454,10000000.0,10,5.360641257629954,5.6518159151762735,0.29117465754631944,0.580290145072536
404,3454,100000000.0,10,6.631204245767506,6.633224794091837,0.00202054832433074,0.580290145072536
405,3454,1000000000.0,10,7.396223327502627,7.026057262065688,-0.37016606543693875,0.580290145072536
406,3454,1000.0,11,0.0,0.0,0.0,0.0
407,3454,10000.0,11,0.0,0.0,0.0,0.0
408,3454,100000.0,11,0.0,0.2969978605580667,0.2969978605580667,0.04010593879006036
409,3454,1000000.0,11,2.3178129665843676,2.406307172759573,0.0884942061752052,0.3495591307157353
410,3454,10000000.0,11,3.976256510211769,4.064355252584882,0.08809874237311277,0.7503751875937965
411,3454,100000000.0,11,4.9811771947951895,4.8298174515990615,-0.151359743196128,0.40204407019927757
412,3454,1000000000.0,11,5.52528785976876,5.4152518593643375,-0.1100360004044223,0.31015507753876914
413,3454,1000.0,12,0.0,0.0,0.0,0.0
414,3454,10000.0,12,0.0,0.0,0.0,0.0
415,3454,100000.0,12,0.0,0.0,0.0,0.0
416,3454,1000000.0,12,0.22536173549121127,0.4045121059632517,0.17915037047204044,0.19984925672067544
417,3454,10000000.0,12,1.9846288175398301,1.7589953644374352,-0.2256334531023949,0.677216428096248
418,3454,100000000.0,12,3.246162838265235,3.037416011334347,-0.20874682693088786,0.4802401200600297
419,3454,1000000000.0,12,3.4900357131246467,3.0502207258076095,-0.43981498731703716,0.49024512256128094
420,7071,1000.0,1,0.0,0.0,0.0,0.0
421,7071,10000.0,1,0.0,0.0,0.0,0.0
422,7071,100000.0,1,2.410258236361121,2.5464375590384796,0.13617932267735844,0.9704852426213106
423,7071,1000000.0,1,7.4243857134306115,6.27530246553375,-1.1490832478968613,1.1105552776388201
424,7071,10000000.0,1,7.433682631739302,7.37357470628517,-0.06010792545413146,1.1205602801400705
425,7071,100000000.0,1,9.204977452232926,9.260405777975064,0.055428325742138185,1.350675337668834
426,7071,1000000000.0,1,9.433373685032144,10.678620746165667,1.2452470611335222,1.3506753376688359
427,7071,1000.0,2,0.0,0.0,0.0,0.0
428,7071,10000.0,2,0.7350225362935461,0.7415150323214735,0.006492496027927452,0.2412378258132588
429,7071,100000.0,2,2.2770984305471704,2.451210509318904,0.17411207877173362,0.40975269267755987
430,7071,1000000.0,2,4.117844824408092,4.3072042682565534,0.1893594438484616,0.49024512256128094
431,7071,10000000.0,2,5.421263629077283,5.637261083746472,0.2159974546691883,0.6289596088406553
432,7071,100000000.0,2,6.6891201351536544,6.7290164399489685,0.03989630479531403,0.6267877958213903
433,7071,1000000000.0,2,7.022159145917837,7.597079975780475,0.5749208298626378,0.6303151575787895
434,7071,1000.0,3,0.0,0.0,0.0,0.0
435,7071,10000.0,3,0.0,0.0,0.0,0.0
436,7071,100000.0,3,0.8895605648252498,0.938684631312916,0.04912406648766621,0.22285718048009318
437,7071,1000000.0,3,2.6678405640613527,3.245681712944261,0.5778411488829085,0.4202101050525262
438,7071,10000000.0,3,4.362668852919924,4.513837336982516,0.15116848406259198,0.430215107553777
439,7071,100000000.0,3,6.160423136706249,5.844482470564751,-0.31594066614149785,0.9604802401200594
440,7071,1000000000.0,3,6.37644754044327,6.746654763174171,0.370207222730901,0.9604802401200603
441,7071,1000.0,4,0.0,0.0,0.0,0.0
442,7071,10000.0,4,1.1373701959312041,1.2358209616413784,0.0984507657101743,0.40271023931381866
443,7071,100000.0,4,2.974338182902808,3.164641720165451,0.19030353726264293,0.5204050438392325
444,7071,1000000.0,4,4.582247778434207,5.455859344080485,0.8736115656462786,0.5602801400700352
445,7071,10000000.0,4,6.349771234316684,6.370818272703631,0.021047038386947214,0.5602801400700352
446,7071,100000000.0,4,7.722310942983323,7.534056551335555,-0.18825439164776814,0.3468383088711793
447,7071,1000000000.0,4,8.993180763905627,8.177370120853011,-0.8158106430526164,0.2801400700350172
448,7071,1000.0,5,0.6755648752224959,0.7146939900288365,0.039129114806340626,0.24795845876968592
449,7071,10000.0,5,3.060441298481421,3.2216931993551645,0.16125190087374364,0.432850947339551
450,7071,100000.0,5,4.940173073431346,5.221219734384764,0.2810466609534181,0.5862823679198828
451,7071,1000000.0,5,6.714517771123502,7.906888847040302,1.1923710759168005,0.6603571943662425
452,7071,10000000.0,5,8.618955803473286,8.856898845127784,0.2379430416544981,0.6703351675837919
453,7071,100000000.0,5,10.08349153327847,10.205392219169472,0.121900685891001,0.6603301650825415
454,7071,1000000000.0,5,11.154261304175764,10.898730801193182,-0.25553050298258206,0.6703351675837919
455,7071,1000.0,6,0.0,0.0,0.0,0.0
456,7071,10000.0,6,0.0,0.0,0.0,0.0
457,7071,100000.0,6,1.7785537275472387,1.5496803677077935,-0.22887335983944523,0.5802868940652934
458,7071,1000000.0,6,4.048510634085829,4.61854689585649,0.5700362617706611,0.6503147552963577
459,7071,10000000.0,6,6.1630088341310225,6.768251925229741,0.6052430910987185,0.6503251625812911
460,7071,100000000.0,6,7.902834526671923,8.770765918712453,0.8679313920405294,1.0205102551275633
461,7071,1000000000.0,6,8.21279056880808,9.197880375980574,0.9850898071724945,1.0305152576288155
462,7071,1000.0,7,0.0,0.0,0.0,0.0
463,7071,10000.0,7,0.6403835375201357,0.6801908115478733,0.03980727402773765,0.28917071852503207
464,7071,100000.0,7,3.2107319253467477,3.3273869664557068,0.11665504110895908,0.49425190944371344
465,7071,1000000.0,7,5.093057151770431,5.509797459219979,0.4167403074495484,0.6103051525762879
466,7071,10000000.0,7,7.344897502240284,7.694266743599363,0.34936924135907965,0.8704352176088053
467,7071,100000000.0,7,8.34303504691091,9.35105606378499,1.0080210168740802,0.8704352176088044
468,7071,1000000000.0,7,9.623495921484418,9.663527379134273,0.04003145764985483,0.860430215107554
469,7071,1000.0,8,0.0,0.0,0.0,0.0
470,7071,10000.0,8,0.0,0.0,0.0,0.0
471,7071,100000.0,8,0.4148781471981973,0.6442261531531221,0.22934800595492483,0.29028170742933357
472,7071,1000000.0,8,2.4659414871525014,2.506989868100625,0.041048380948123686,0.5410502387022502
473,7071,10000000.0,8,4.925483006755997,4.9479954281101985,0.022512421354201173,0.45022511255627773
474,7071,100000000.0,8,6.10162515652854,6.533203954050535,0.43157879752199513,0.7103551775887942
475,7071,1000000000.0,8,7.112240293670511,7.252321776332873,0.14008148266236198,0.7103551775887942
476,7071,1000.0,9,0.0,0.0,0.0,0.0
477,7071,10000.0,9,1.1632400868571453,1.2017725653538558,0.03853247849671049,0.23915149485157672
478,7071,100000.0,9,2.7466548370440473,2.8231956189034686,0.07654078185942126,0.28736827098674533
479,7071,1000000.0,9,3.939098634609512,4.047614994549222,0.10851635993970987,0.4021466131998839
480,7071,10000000.0,9,5.6217401578126225,6.027701592843607,0.40596143503098414,0.5702851425712856
481,7071,100000000.0,9,6.833206429789875,6.607228689275308,-0.22597774051456732,0.5778405356141771
482,7071,1000000000.0,9,7.869641525132395,7.649556088624812,-0.22008543650758305,0.580290145072536
483,7071,1000.0,10,0.0,0.0,0.0,0.0
484,7071,10000.0,10,0.0,0.0,0.0,0.0
485,7071,100000.0,10,1.175398937727467,1.1845510967128678,0.009152158985400893,0.35785747128751577
486,7071,1000000.0,10,3.123717296094119,3.3124761237754603,0.18875882768134122,0.5502751375687844
487,7071,10000000.0,10,5.360641257629954,5.642513941637383,0.28187268400742926,0.6003001500750367
488,7071,100000000.0,10,6.631204245767506,6.781279283286266,0.15007503751875984,0.59808375885373
489,7071,1000000000.0,10,7.396223327502627,7.351249205495194,-0.04497412200743245,0.5902951475737863
490,7071,1000.0,11,0.0,0.0,0.0,0.0
491,7071,10000.0,11,0.0,0.0,0.0,0.0
492,7071,100000.0,11,0.0,0.25694079402946157,0.25694079402946157,0.09259006164679706
493,7071,1000000.0,11,2.3178129665843676,2.4233732653704187,0.10556029878605111,0.4202101050525262
494,7071,10000000.0,11,3.976256510211769,4.011621943216177,0.035365433004407976,0.6903451725862926
495,7071,100000000.0,11,4.9811771947951895,4.817412245480355,-0.16376494931483432,1.1046944265744871
496,7071,1000000000.0,11,5.52528785976876,5.435261864366838,-0.09002599540192158,0.6374782853526737
497,7071,1000.0,12,0.0,0.0,0.0,0.0
498,7071,10000.0,12,0.0,0.0,0.0,0.0
499,7071,100000.0,12,0.0,0.0,0.0,0.0
500,7071,1000000.0,12,0.22536173549121127,0.326772295261023,0.10141055976981175,0.2535004277749423
501,7071,10000000.0,12,1.9846288175398301,1.7877019458364678,-0.19692687170336232,0.7303651825912956
502,7071,100000000.0,12,3.246162838265235,2.5898938479471036,-0.6562689903181314,0.6803401700850422
503,7071,1000000000.0,12,3.4900357131246467,2.8901406857875998,-0.5998950273370469,0.6803401700850422
